"","SiteID","y20v1","y20v2","y20v3","Lat_DD","Lon_DD","PDA","D2D","D2NN","NN","12Yng","13Yng","14Yng","15Yng","16Yng","17Yng","18Yng","19Yng","y12v1","y12v2","y12v3","y13v1","y13v2","y13v3","y14v1","y14v2","y14v3","y15v1","y15v2","y15v3","y16v1","y16v2","y16v3","y17v1","y17v2","y17v3","y18v1","y18v2","y18v3","y19v1","y19v2","y19v3","RLHA_19","PEFA_19","GYRF_19","NDNO","RLHA","PEFA","GYRF"
"1","2","not detected","RLHA","not detected",71.8531,-80.9321,1,2.1,1,3,NA,NA,3,NA,4,4,2,2,"0","0",NA,"PEFA",NA,NA,"PEFA","PEFA",NA,"0","0",NA,"PEFA","PEFA",NA,"PEFA","PEFA",NA,"PEFA","PEFA","PEFA","PEFA","PEFA","PEFA",0,3,0,"FALSE","FALSE","TRUE","FALSE"
"2","3","not detected","not detected","not detected",71.8544,-80.9028,1,1.2,1,2,3,NA,1,3,NA,0,0,0,"RLHA","RLHA",NA,"0","0",NA,"RLHA","RLHA",NA,"RLHA","RLHA",NA,"0","0",NA,"0","0",NA,"0","0","0","RLHA","0","0",1,0,0,"FALSE","TRUE","FALSE","FALSE"
"3","5","not detected","not detected","not detected",NA,NA,NA,NA,NA,NA,NA,NA,NA,NA,NA,NA,NA,NA,NA,NA,NA,NA,NA,NA,NA,NA,NA,NA,NA,NA,NA,NA,NA,NA,NA,NA,NA,NA,NA,NA,NA,NA,NA,NA,NA,NA,NA,NA,NA
"4","6","not detected","RLHA","RLHA",71.8368,-80.8319,1,0.8,0.4,357,NA,NA,2,0,2,3,1,0,"RLHA","RLHA",NA,"0",NA,NA,"PEFA","PEFA",NA,"RLHA","RLHA",NA,"0","PEFA",NA,"CORA","CORA",NA,"0","PEFA","PEFA","0","0","0",0,0,0,"TRUE","FALSE","FALSE","FALSE"
"5","7","not detected","RLHA","not detected",71.8033,-80.7595,1,1.6,1.8,450,NA,NA,3,NA,NA,0,0,0,"PEFA",NA,NA,NA,NA,NA,"PEFA","PEFA",NA,"0","0",NA,"0",NA,NA,"0","0",NA,"0","0","0","0","0","0",0,0,0,"TRUE","FALSE","FALSE","FALSE"
"6","8","not detected","not detected","not detected",71.8702,-80.7133,1,4.5,0.1,9,NA,NA,NA,0,0,0,0,0,"0",NA,NA,NA,NA,NA,"0","0",NA,"PEFA","PEFA",NA,"PEFA","0",NA,"PEFA","0",NA,"0","0","0","0","0","0",0,0,0,"TRUE","FALSE","FALSE","FALSE"
"7","9","not detected","not detected","not detected",71.8701,-80.7112,1,4.5,0.1,8,NA,NA,2,NA,0,0,0,0,"PEFA","0",NA,NA,NA,NA,"PEFA","PEFA",NA,"0","0",NA,"0","0",NA,"0","0",NA,"0","PEFA","0","PEFA","0","0",0,1,0,"FALSE","FALSE","TRUE","FALSE"
"8","10","not detected","RLHA","RLHA",71.8634,-80.696,1,4.4,0.9,9,3,NA,2,1,0,0,0,3,NA,"RLHA",NA,NA,NA,NA,"RLHA","RLHA",NA,"RLHA","RLHA",NA,"0","0",NA,"RLHA","RLHA",NA,"RLHA","0","0","RLHA","RLHA","RLHA",3,0,0,"FALSE","TRUE","FALSE","FALSE"
"9","14","not detected","not detected","not detected",71.7708,-80.5799,1,0.7,1.6,438,NA,NA,2,3,0,0,0,0,"RLHA",NA,NA,"0","PEFA",NA,"PEFA","PEFA",NA,"RLHA","RLHA",NA,"0","0",NA,"0","0",NA,"0","0","0","PEFA","0","0",0,1,0,"FALSE","FALSE","TRUE","FALSE"
"10","15","PEFA","PEFA","PEFA",71.7449,-80.5305,1,1.3,3.4,14,NA,NA,4,0,3,0,0,0,"PEFA",NA,NA,"PEFA","PEFA",NA,"PEFA","PEFA",NA,"PEFA","PEFA",NA,"PEFA","PEFA",NA,"PEFA","0",NA,"0","0","0","0","0","0",0,0,0,"TRUE","FALSE","FALSE","FALSE"
"11","16","not detected","not detected","not detected",71.8196,-80.5177,1,4,0.9,17,NA,NA,NA,NA,NA,0,0,0,"RLHA",NA,NA,NA,NA,NA,"0",NA,NA,"0",NA,NA,"0",NA,NA,"0","0",NA,"0","0","0","0","0","0",0,0,0,"TRUE","FALSE","FALSE","FALSE"
"12","17","not detected","PEFA","not detected",71.8139,-80.5009,1,4.1,0.1,390,NA,NA,2,0,NA,0,2,0,"0","0",NA,NA,NA,NA,"RLHA","RLHA",NA,"PEFA","0",NA,"0",NA,NA,"PEFA","0",NA,"0","0","PEFA","0","0","0",0,0,0,"TRUE","FALSE","FALSE","FALSE"
"13","18","not detected","not detected","not detected",71.7948,-80.4523,1,4.2,1.8,19,1,NA,1,0,3,0,0,0,"RLHA",NA,NA,NA,NA,NA,"RLHA","RLHA",NA,"PEFA","0",NA,"PEFA","PEFA",NA,"0","0",NA,"0","0","0","0","0","0",0,0,0,"TRUE","FALSE","FALSE","FALSE"
"14","19","not detected","RLHA","not detected",71.779,-80.4441,1,3.1,1.8,18,NA,NA,3,0,NA,2,0,0,"RLHA",NA,NA,NA,NA,NA,"PEFA","PEFA",NA,"PEFA","0",NA,"0","0",NA,"PEFA","PEFA",NA,"0","0","0","PEFA","PEFA","PEFA",0,3,0,"FALSE","FALSE","TRUE","FALSE"
"15","20","PEFA","PEFA","PEFA",71.6842,-80.4395,1,1.7,3.4,383,2,4,2,4,4,3,0,2,"PEFA","PEFA",NA,"PEFA","PEFA",NA,"PEFA","PEFA",NA,"PEFA","PEFA",NA,"PEFA","PEFA",NA,"PEFA","PEFA",NA,"PEFA","PEFA","PEFA","PEFA","PEFA","PEFA",0,3,0,"FALSE","FALSE","TRUE","FALSE"
"16","21","not detected","RLHA","not detected",71.7585,-80.3982,1,3.2,0.2,360,NA,NA,NA,NA,3,0,0,0,"0","RLHA",NA,NA,NA,NA,"0","0",NA,"0","0",NA,"0","0",NA,"0","0",NA,"RLHA","0","0","0","0","0",0,0,0,"TRUE","FALSE","FALSE","FALSE"
"17","22","PEFA","PEFA","PEFA",71.6184,-80.3961,1,1.1,2.4,449,0,2,0,3,0,2,2,0,"PEFA","PEFA",NA,"PEFA","PEFA",NA,"PEFA","PEFA",NA,"PEFA","PEFA",NA,"PEFA","PEFA",NA,"PEFA","PEFA",NA,"PEFA","PEFA","PEFA","PEFA","PEFA","PEFA",0,3,0,"FALSE","FALSE","TRUE","FALSE"
"18","23","not detected","not detected","not detected",NA,NA,NA,NA,NA,NA,NA,NA,NA,NA,NA,NA,NA,NA,NA,NA,NA,NA,NA,NA,NA,NA,NA,NA,NA,NA,NA,NA,NA,NA,NA,NA,NA,NA,NA,NA,NA,NA,NA,NA,NA,NA,NA,NA,NA
"19","24","PEFA","PEFA","PEFA",71.5549,-80.3386,1,1.1,4.3,483,0,1,2,3,4,2,2,1,"PEFA","PEFA",NA,"PEFA","PEFA",NA,"PEFA","PEFA",NA,"PEFA","PEFA",NA,"PEFA","PEFA",NA,"PEFA","PEFA",NA,"PEFA","PEFA","PEFA","PEFA","PEFA","PEFA",0,3,0,"FALSE","FALSE","TRUE","FALSE"
"20","25","not detected","not detected","not detected",71.7369,-80.3271,1,4.4,0.3,481,3,NA,0,NA,0,0,0,0,"RLHA","RLHA",NA,NA,NA,NA,"PEFA","0",NA,"0","0",NA,"GYRF","0",NA,"0","0",NA,"0","PEFA","0","GYRF","0","0",0,0,1,"FALSE","FALSE","FALSE","TRUE"
"21","26","not detected","not detected","not detected",71.5088,-80.3042,1,1.9,0.6,374,NA,NA,NA,NA,0,0,0,3,"RLHA","0",NA,"0",NA,NA,"0","0",NA,"0","0",NA,"0","0",NA,"0","0",NA,"0","0","0","PEFA","PEFA","PEFA",0,3,0,"FALSE","FALSE","TRUE","FALSE"
"22","27","not detected","not detected","not detected",71.7226,-80.2873,1,4.7,1.3,386,NA,NA,NA,NA,NA,0,0,0,"0",NA,NA,NA,NA,NA,"GYRF","0",NA,"GYRF","0",NA,"0","0",NA,"GYRF","0",NA,"0","0","0","0","0","0",0,0,0,"TRUE","FALSE","FALSE","FALSE"
"23","28","PEFA","PEFA","PEFA",71.4765,-80.2676,1,1.3,0.7,356,1,0,2,3,4,1,0,0,"RLHA","RLHA",NA,"PEFA","PEFA",NA,"PEFA","PEFA",NA,"0","PEFA",NA,"0","PEFA",NA,"PEFA","PEFA",NA,"PEFA","PEFA","0","0","0","0",0,0,0,"TRUE","FALSE","FALSE","FALSE"
"24","30","PEFA","PEFA","PEFA",71.7112,-80.2472,1,5.4,0.7,386,NA,NA,NA,NA,NA,0,0,0,"RLHA",NA,NA,NA,NA,NA,"0",NA,NA,"0",NA,NA,"0",NA,NA,"0","0",NA,"0","0","0","0","0","0",0,0,0,"TRUE","FALSE","FALSE","FALSE"
"25","32","RLHA","RLHA","RLHA",71.391,-80.2381,NA,NA,NA,NA,NA,NA,NA,NA,NA,NA,NA,NA,NA,NA,NA,NA,NA,NA,NA,NA,NA,NA,NA,NA,NA,NA,NA,NA,NA,NA,NA,NA,NA,NA,NA,NA,NA,NA,NA,"106","11","43","1"
"26","33","not detected","not detected","not detected",71.4522,-80.2294,1,1.1,0.3,378,1,0,2,3,4,3,0,1,"PEFA","PEFA",NA,"PEFA","0",NA,"PEFA","PEFA",NA,"PEFA","PEFA",NA,"PEFA","PEFA",NA,"PEFA","PEFA",NA,"PEFA","PEFA","0","0","PEFA","PEFA",0,2,0,"FALSE","FALSE","TRUE","FALSE"
"27","34","not detected","not detected","not detected",71.7048,-80.2042,1,6.6,0.3,35,NA,NA,1,4,2,0,0,0,"0",NA,NA,NA,NA,NA,"RLHA","RLHA",NA,"PEFA","PEFA",NA,"PEFA","PEFA",NA,"PEFA","PEFA",NA,"0","0","0","0","0","0",0,0,0,"TRUE","FALSE","FALSE","FALSE"
"28","35","not detected","not detected","not detected",71.7038,-80.1955,1,6.8,0.3,34,NA,NA,0,NA,NA,0,0,0,"0",NA,NA,NA,NA,NA,"PEFA","0",NA,"0",NA,NA,"0",NA,NA,"0","0",NA,"0","0","0","0","0","0",0,0,0,"TRUE","FALSE","FALSE","FALSE"
"29","40","PEFA","PEFA","PEFA",71.3882,-80.1527,1,2.8,0.2,41,0,0,2,0,3,0,0,0,"PEFA","PEFA",NA,"PEFA","0",NA,"PEFA","PEFA",NA,"PEFA","0",NA,"PEFA","PEFA",NA,"PEFA","0",NA,"0","0","0","0","0","0",0,0,0,"TRUE","FALSE","FALSE","FALSE"
"30","41","not detected","not detected","not detected",71.3875,-80.1483,1,2.7,0.2,40,0,NA,NA,4,NA,0,0,0,"0","0",NA,"0","0",NA,"0","0",NA,"RLHA","RLHA",NA,"0","0",NA,"0","0",NA,"0","0","0","0","0","0",0,0,0,"TRUE","FALSE","FALSE","FALSE"
"31","43","RLHA","RLHA","RLHA",71.2862,-80.0018,1,10.3,3.1,48,3,NA,NA,NA,NA,0,0,0,"PEFA","PEFA",NA,"0","0",NA,"0","0",NA,"0","0",NA,"0","0",NA,"0","0",NA,"0","0","0","0","0","0",0,0,0,"TRUE","FALSE","FALSE","FALSE"
"32","46","RLHA","RLHA","RLHA",71.3825,-79.9647,1,0.1,4.1,464,0,NA,NA,0,4,0,0,0,"RLHA","RLHA",NA,"PEFA",NA,NA,"0",NA,NA,"RLHA","0",NA,"RLHA","RLHA",NA,"0","0",NA,"PEFA","0","0","0","0","0",0,0,0,"TRUE","FALSE","FALSE","FALSE"
"33","48","not detected","not detected","not detected",71.2978,-79.9221,1,9.2,0.2,49,NA,NA,NA,NA,NA,0,0,0,"RLHA","0",NA,"0","0",NA,"0","0",NA,"0","0",NA,"0","0",NA,"0","0",NA,"0","0","0","0","0","0",0,0,0,"TRUE","FALSE","FALSE","FALSE"
"34","49","not detected","not detected","not detected",71.2964,-79.9196,1,9.3,0.2,48,0,0,0,2,0,0,0,0,"PEFA","0",NA,"PEFA","PEFA",NA,"PEFA","0",NA,"PEFA","PEFA",NA,"PEFA","0",NA,"PEFA","PEFA",NA,"0","0","0","0","0","0",0,0,0,"TRUE","FALSE","FALSE","FALSE"
"35","50","not detected","not detected","not detected",71.458,-79.8961,1,7.1,1,462,NA,NA,0,0,0,0,0,0,"RLHA",NA,NA,"0",NA,NA,"PEFA","0",NA,"PEFA","0",NA,"0","0",NA,"PEFA","0",NA,"0","0","0","0","0","0",0,0,0,"TRUE","FALSE","FALSE","FALSE"
"36","51","RLHA","RLHA","RLHA",71.2947,-79.9039,1,9.6,0.6,49,0,NA,NA,4,NA,0,0,0,"RLHA","0",NA,"0","0",NA,"0","0",NA,"RLHA","RLHA",NA,"0","0",NA,"0","0",NA,"0","0","0","0","0","0",0,0,0,"TRUE","FALSE","FALSE","FALSE"
"37","52","not detected","not detected","not detected",NA,NA,NA,NA,NA,NA,NA,NA,NA,NA,NA,NA,NA,NA,NA,NA,NA,NA,NA,NA,NA,NA,NA,NA,NA,NA,NA,NA,NA,NA,NA,NA,NA,NA,NA,NA,NA,NA,NA,NA,NA,NA,NA,NA,NA
"38","53","not detected","not detected","not detected",71.41498,-79.89182,1,2.7,0.4,463,NA,2,0,NA,NA,0,0,0,NA,NA,NA,"PEFA","PEFA",NA,"PEFA","PEFA",NA,"0","0",NA,"0","0",NA,"0","0",NA,"0","0","0","0","0","0",0,0,0,"TRUE","FALSE","FALSE","FALSE"
"39","54","not detected","not detected","not detected",71.3492,-79.8631,1,4.2,0.6,443,NA,NA,1,NA,NA,0,2,0,"RLHA",NA,NA,"0","0",NA,"RLHA","RLHA",NA,"0","0",NA,"0","0",NA,"0","0",NA,"0","RLHA","RLHA","0","0","0",0,0,0,"TRUE","FALSE","FALSE","FALSE"
"40","55","not detected","not detected","not detected",71.3436,-79.8538,1,4.9,0.7,54,NA,3,2,0,3,0,0,2,"PEFA",NA,NA,"PEFA","PEFA",NA,"PEFA","PEFA",NA,"PEFA","PEFA",NA,"PEFA","0",NA,"0","0",NA,"PEFA","PEFA","0","PEFA","PEFA","PEFA",0,3,0,"FALSE","FALSE","TRUE","FALSE"
"41","56","RLHA","RLHA","RLHA",71.2211,-79.8042,2,15.7,0,57,NA,NA,NA,NA,NA,1,0,0,"0","0",NA,"0","0",NA,"0","0",NA,"0","0",NA,NA,NA,NA,"CORA","0",NA,"RLHA","0","0","0","0","0",0,0,0,"TRUE","FALSE","FALSE","FALSE"
"42","57","not detected","not detected","not detected",71.2209,-79.8039,2,15.7,0,56,0,NA,NA,4,NA,0,0,0,"0","0",NA,"0","0",NA,"0","0",NA,"RLHA","RLHA",NA,NA,NA,NA,"0","0",NA,NA,NA,NA,"0","0","0",0,0,0,"TRUE","FALSE","FALSE","FALSE"
"43","58","not detected","not detected","not detected",71.2447,-79.8005,2,13.7,2.6,56,1,NA,NA,NA,NA,0,0,0,"RLHA","RLHA",NA,"0",NA,NA,"0",NA,NA,"0",NA,NA,NA,NA,NA,"0","0",NA,"0","0","0","0","0","0",0,0,0,"TRUE","FALSE","FALSE","FALSE"
"44","59","PEFA","PEFA","PEFA",71.219,-79.7919,2,15.7,0.1,338,3,3,1,3,NA,3,0,2,"PEFA","PEFA",NA,"PEFA","PEFA",NA,"PEFA","PEFA",NA,"PEFA","PEFA",NA,NA,NA,NA,"PEFA","PEFA",NA,"PEFA","PEFA","0","PEFA","PEFA","PEFA",0,3,0,"FALSE","FALSE","TRUE","FALSE"
"45","61","not detected","not detected","not detected",71.3562,-79.7641,1,2.5,1.3,442,NA,NA,0,3,NA,0,0,0,"0","0",NA,"0",NA,NA,"0","RLHA",NA,"RLHA","RLHA",NA,"0",NA,NA,"PEFA","0",NA,"0","0","0","0","0","0",0,0,0,"TRUE","FALSE","FALSE","FALSE"
"46","62","PEFA","PEFA","PEFA",71.46982,-79.75576,1,8.1,0.4,63,NA,NA,NA,NA,2,2,0,0,"RLHA",NA,NA,"0",NA,NA,"PEFA","0",NA,"0",NA,NA,"PEFA","PEFA",NA,"PEFA","PEFA",NA,"0","0","0","0","0","0",0,0,0,"TRUE","FALSE","FALSE","FALSE"
"47","63","not detected","not detected","not detected",71.4707,-79.7455,1,8.3,0.4,62,NA,NA,NA,NA,NA,0,2,3,"PEFA",NA,NA,"0",NA,NA,"0","0",NA,"0",NA,NA,"0","0",NA,"0","0",NA,"PEFA","PEFA","PEFA","0","PEFA","PEFA",0,2,0,"FALSE","FALSE","TRUE","FALSE"
"48","64","not detected","not detected","not detected",71.39816,-79.7033,1,2.3,1.4,69,0,NA,NA,NA,0,0,0,0,"RLHA","0",NA,"0",NA,NA,"0",NA,NA,"0",NA,NA,"RLHA","0",NA,"0","0",NA,"0","0","0","0","0","0",0,0,0,"TRUE","FALSE","FALSE","FALSE"
"49","65","RLHA","RLHA","RLHA",71.4564,-79.7205,1,7.2,0.8,467,NA,NA,0,NA,NA,0,0,0,"0",NA,NA,"0",NA,NA,"RLHA","0",NA,"0","0",NA,"0",NA,NA,"0","0",NA,"0","0","0","0","0","0",0,0,0,"TRUE","FALSE","FALSE","FALSE"
"50","66","RLHA","RLHA","RLHA",71.3441,-79.7168,1,3.5,1.6,442,NA,NA,3,NA,3,0,0,0,"0",NA,NA,"0",NA,NA,"RLHA","RLHA",NA,"0","0",NA,"RLHA","RLHA",NA,"0","0",NA,"0","0","0","0","0","0",0,0,0,"TRUE","FALSE","FALSE","FALSE"
"51","68","not detected","not detected","not detected",71.3776,-79.7084,1,0.1,2.3,64,0,3,2,3,3,0,2,0,"PEFA","PEFA",NA,"PEFA","PEFA",NA,"PEFA","PEFA",NA,"PEFA","PEFA",NA,"PEFA","PEFA",NA,"PEFA","0",NA,"PEFA","PEFA","PEFA","0","0","0",0,0,0,"TRUE","FALSE","FALSE","FALSE"
"52","69","RLHA","RLHA","RLHA",71.4111,-79.7058,1,3.4,1.4,64,NA,1,2,2,2,0,0,4,"0",NA,NA,"PEFA","PEFA",NA,"PEFA","PEFA",NA,"PEFA","PEFA",NA,"PEFA","PEFA",NA,"PEFA","PEFA",NA,"PEFA","0","0","PEFA","PEFA","PEFA",0,3,0,"FALSE","FALSE","TRUE","FALSE"
"53","70","RLHA","RLHA","RLHA",71.4658,-79.6706,1,9,1.5,467,NA,3,NA,3,NA,0,0,0,"RLHA",NA,NA,"PEFA","PEFA",NA,"0",NA,NA,"RLHA","RLHA",NA,NA,NA,NA,"0","0",NA,"0","RLHA","0","0","0","0",0,0,0,"TRUE","FALSE","FALSE","FALSE"
"54","71","PEFA","PEFA","PEFA",71.1756,-79.6665,2,18,0.3,72,0,3,2,4,3,3,2,4,"PEFA","PEFA",NA,"PEFA","PEFA",NA,"PEFA","PEFA",NA,"0","PEFA",NA,"PEFA","PEFA",NA,"PEFA","PEFA",NA,"PEFA","PEFA","PEFA","0","PEFA","PEFA",0,2,0,"FALSE","FALSE","TRUE","FALSE"
"55","72","RLHA","RLHA","RLHA",71.1779,-79.666,2,17.8,0.3,71,3,NA,NA,1,0,0,0,0,"RLHA","RLHA",NA,"0","0",NA,"0",NA,NA,"RLHA","RLHA",NA,"RLHA","0",NA,"0","0",NA,"0","0","0","RLHA","0","0",1,0,0,"FALSE","TRUE","FALSE","FALSE"
"56","73","not detected","not detected","not detected",NA,NA,NA,NA,NA,NA,NA,NA,NA,NA,NA,NA,NA,NA,NA,NA,NA,NA,NA,NA,NA,NA,NA,NA,NA,NA,NA,NA,NA,NA,NA,NA,NA,NA,NA,NA,NA,NA,NA,NA,NA,NA,NA,NA,NA
"57","74","not detected","not detected","not detected",71.32177,-80.19504,1,9.2,4.6,385,NA,NA,NA,NA,2,0,0,0,NA,NA,NA,NA,NA,NA,NA,NA,NA,"0",NA,NA,"PEFA","PEFA",NA,"PEFA","PEFA",NA,"PEFA","PEFA","0","0","0","0",0,0,0,"TRUE","FALSE","FALSE","FALSE"
"58","75","not detected","RLHA","RLHA",71.3616,-79.6362,1,0.5,0.1,73,0,3,2,2,0,2,0,0,"PEFA","PEFA",NA,"PEFA","PEFA",NA,"PEFA","PEFA",NA,"PEFA","PEFA",NA,"0","PEFA",NA,"PEFA","PEFA",NA,"0","0","0","0","0","0",0,0,0,"TRUE","FALSE","FALSE","FALSE"
"59","80","PEFA","PEFA","PEFA",71.4476,-79.5701,1,8.9,0.8,469,NA,0,NA,3,3,1,1,0,"RLHA",NA,NA,"PEFA","0",NA,"RLHA",NA,NA,"PEFA","PEFA",NA,"PEFA","PEFA",NA,"PEFA","PEFA",NA,"PEFA","PEFA","PEFA","0","0","0",0,0,0,"TRUE","FALSE","FALSE","FALSE"
"60","81","PEFA","PEFA","PEFA",71.399,-79.5737,1,3.8,4.6,468,NA,0,0,4,0,0,0,0,"0","PEFA",NA,"PEFA","PEFA",NA,"PEFA","0",NA,"0","PEFA",NA,"PEFA","PEFA",NA,"0","0",NA,"0","0","0","0","PEFA","PEFA",0,2,0,"FALSE","FALSE","TRUE","FALSE"
"61","82","PEFA","PEFA","PEFA",71.3327,-79.5619,1,0.8,0.8,83,0,NA,0,4,4,1,0,2,"PEFA","PEFA",NA,"0",NA,NA,"PEFA","0",NA,"PEFA","PEFA",NA,"PEFA","PEFA",NA,"PEFA","PEFA",NA,"0","0","0","PEFA","PEFA","PEFA",0,3,0,"FALSE","FALSE","TRUE","FALSE"
"62","83","not detected","not detected","not detected",71.3286,-79.5424,1,0.5,0.8,82,1,0,3,5,NA,0,0,0,"RLHA","RLHA",NA,"PEFA","PEFA",NA,"RLHA","RLHA",NA,"RLHA","RLHA",NA,"0","0",NA,"0","0",NA,"0","PEFA","0","0","0","0",0,0,0,"TRUE","FALSE","FALSE","FALSE"
"63","84","not detected","not detected","not detected",71.4457,-79.5258,1,9.3,0.4,85,NA,NA,NA,NA,3,0,0,0,"0",NA,NA,"0",NA,NA,"0",NA,NA,"0","0",NA,"RLHA","RLHA",NA,"0","0",NA,"0","0","0","RLHA","0","0",1,0,0,"FALSE","TRUE","FALSE","FALSE"
"64","85","RLHA","RLHA","RLHA",71.4441,-79.5157,1,9.3,0.4,84,NA,NA,NA,4,NA,0,0,0,"RLHA",NA,NA,"0",NA,NA,"0",NA,NA,"RLHA","RLHA",NA,"0",NA,NA,"0","0",NA,"0","PEFA","0","0","0","0",0,0,0,"TRUE","FALSE","FALSE","FALSE"
"65","86","not detected","PEFA","not detected",71.3444,-79.4464,1,1.2,0.6,485,2,NA,3,0,NA,2,0,0,"RLHA","RLHA",NA,"0",NA,NA,"RLHA","RLHA",NA,"RLHA","RLHA",NA,"0",NA,NA,"RLHA","RLHA",NA,"0","PEFA","0","0","0","0",0,0,0,"TRUE","FALSE","FALSE","FALSE"
"66","88","not detected","not detected","not detected",71.3374,-79.44,1,0.4,0.5,485,0,NA,2,4,0,3,0,1,"PEFA","PEFA",NA,"PEFA","0",NA,"PEFA","PEFA",NA,"RLHA","RLHA",NA,"CORA","0",NA,"CORA","0",NA,"CORA","0","0","0","PEFA","PEFA",0,2,0,"FALSE","FALSE","TRUE","FALSE"
"67","91","not detected","not detected","not detected",71.3333,-79.3849,1,0.1,1.3,100,0,NA,NA,NA,0,0,0,0,"PEFA","0",NA,"0",NA,NA,"0",NA,NA,"0",NA,NA,"PEFA","PEFA",NA,"0","0",NA,"0","0","0","0","0","0",0,0,0,"TRUE","FALSE","FALSE","FALSE"
"68","94","PEFA","PEFA","PEFA",71.3696,-79.3786,1,4.1,2.9,473,0,NA,3,2,3,2,2,2,"PEFA","PEFA",NA,"0","0",NA,"PEFA","PEFA",NA,"PEFA","PEFA",NA,"PEFA","PEFA",NA,"PEFA","PEFA",NA,"PEFA","PEFA","PEFA","PEFA","PEFA","PEFA",0,3,0,"FALSE","FALSE","TRUE","FALSE"
"69","95","not detected","RLHA","RLHA",71.2227,-79.3808,1,9.5,1,99,NA,NA,NA,NA,NA,0,0,0,"RLHA","0",NA,"0",NA,NA,"0",NA,NA,NA,NA,NA,"0",NA,NA,"0","0",NA,"0","0","0","0","0","0",0,0,0,"TRUE","FALSE","FALSE","FALSE"
"70","98","not detected","PEFA","PEFA",71.214,-79.3739,2,10.3,0.1,99,NA,3,NA,0,0,2,0,0,"PEFA","PEFA",NA,"PEFA","PEFA",NA,"0","0",NA,"0","0",NA,"0","0",NA,"PEFA","PEFA",NA,"0","PEFA","PEFA","0","0","0",0,0,0,"TRUE","FALSE","FALSE","FALSE"
"71","99","not detected","not detected","not detected",71.2144,-79.3719,2,10.2,0.1,98,NA,NA,3,0,4,0,0,3,"0","0",NA,"0","0",NA,"PEFA","PEFA",NA,"PEFA","PEFA",NA,"PEFA","PEFA",NA,"0","0",NA,"GYRF","0","0","PEFA","PEFA","PEFA",0,3,0,"FALSE","FALSE","TRUE","FALSE"
"72","100","PEFA","PEFA","PEFA",71.3304,-79.3486,1,0,1.1,104,NA,NA,2,2,3,0,2,0,"0","0",NA,"0","0",NA,"PEFA","PEFA",NA,"PEFA","PEFA",NA,"PEFA","PEFA",NA,"PEFA","0",NA,"PEFA","PEFA","PEFA","PEFA","PEFA","PEFA",0,3,0,"FALSE","FALSE","TRUE","FALSE"
"73","101","not detected","not detected","not detected",71.1373,-79.3612,2,18.5,0.8,102,2,NA,3,4,4,3,3,0,"PEFA","PEFA",NA,"PEFA","0",NA,"PEFA","PEFA",NA,"PEFA","PEFA",NA,"PEFA","PEFA",NA,"PEFA","PEFA",NA,"PEFA","PEFA","PEFA","PEFA","PEFA","0",0,2,0,"FALSE","FALSE","TRUE","FALSE"
"74","102","not detected","not detected","not detected",71.13,-79.3554,2,19.3,0.8,101,NA,NA,NA,NA,NA,0,0,0,"RLHA","0",NA,"0",NA,NA,"0",NA,NA,NA,NA,NA,NA,NA,NA,"0","0",NA,"0","0","0","0","0","0",0,0,0,"TRUE","FALSE","FALSE","FALSE"
"75","104","not detected","not detected","not detected",NA,NA,NA,NA,NA,NA,NA,NA,NA,NA,NA,NA,NA,NA,NA,NA,NA,NA,NA,NA,NA,NA,NA,NA,NA,NA,NA,NA,NA,NA,NA,NA,NA,NA,NA,NA,NA,NA,NA,NA,NA,NA,NA,NA,NA
"76","107","not detected","PEFA","PEFA",71.3291,-79.2855,1,0,0.6,109,NA,NA,NA,NA,NA,0,0,0,"RLHA","0",NA,"0","0",NA,"0",NA,NA,"0","0",NA,"0",NA,NA,"0","0",NA,"0","0","0","0","0","0",0,0,0,"TRUE","FALSE","FALSE","FALSE"
"77","108","not detected","not detected","not detected",71.3161,-79.2763,1,0,1,109,0,1,NA,NA,NA,0,0,0,"0","0",NA,"PEFA","PEFA",NA,"0",NA,NA,"0","0",NA,"0","0",NA,"0","0",NA,"0","0","0","0","0","0",0,0,0,"TRUE","FALSE","FALSE","FALSE"
"78","109","RLHA","RLHA","RLHA",71.325,-79.2731,1,0,0.6,107,NA,NA,NA,2,NA,0,0,0,"0","0",NA,"0","0",NA,"0",NA,NA,"RLHA","RLHA",NA,"0",NA,NA,"0","0",NA,"0","0","0","0","0","0",0,0,0,"TRUE","FALSE","FALSE","FALSE"
"79","114","not detected","not detected","not detected",71.30969,-79.19534,1,0.3,0.1,115,NA,NA,0,NA,0,0,0,0,"0","0",NA,"0","0",NA,"0","0",NA,"0","0",NA,"0","0",NA,"0","0",NA,"0","0","0","PEFA","PEFA","PEFA",0,3,0,"FALSE","FALSE","TRUE","FALSE"
"80","115","not detected","RLHA","RLHA",71.3087,-79.1925,1,0.4,0.1,114,2,NA,NA,2,0,0,0,0,"RLHA","RLHA",NA,"0","0",NA,"0","0",NA,"RLHA","RLHA",NA,"0","0",NA,"RLHA","RLHA",NA,"0","0","0","0","0","0",0,0,0,"TRUE","FALSE","FALSE","FALSE"
"81","117","not detected","not detected","not detected",NA,NA,NA,NA,NA,NA,NA,NA,NA,NA,NA,NA,NA,NA,NA,NA,NA,NA,NA,NA,NA,NA,NA,NA,NA,NA,NA,NA,NA,NA,NA,NA,NA,NA,NA,NA,NA,NA,NA,NA,NA,NA,NA,NA,NA
"82","119","RLHA","RLHA","RLHA",71.2918,-79.19,1,2.2,0.8,122,NA,NA,3,4,NA,0,0,0,"RLHA","RLHA",NA,"0","0",NA,"RLHA","RLHA",NA,"RLHA","RLHA",NA,"0","0",NA,"0","0",NA,"0","0","0","0","0","0",0,0,0,"TRUE","FALSE","FALSE","FALSE"
"83","122","not detected","not detected","PEFA",71.2881,-79.1717,1,2.8,0.7,124,NA,NA,0,1,1,0,2,1,"PEFA","PEFA",NA,"0","0",NA,"0","0",NA,"PEFA","PEFA",NA,"PEFA","PEFA",NA,"PEFA","0",NA,"PEFA","0","PEFA","PEFA","PEFA","PEFA",0,3,0,"FALSE","FALSE","TRUE","FALSE"
"84","124","not detected","not detected","not detected",71.2833,-79.1592,1,3.4,0.7,122,0,NA,2,0,0,0,0,0,"0","0",NA,"0","0",NA,"RLHA","RLHA",NA,"0","RLHA",NA,"RLHA","RLHA",NA,"0","0",NA,"0","0","0","0","0","0",0,0,0,"TRUE","FALSE","FALSE","FALSE"
"85","127","not detected","not detected","not detected",71.2766,-79.1223,1,4.8,0.6,128,NA,NA,NA,NA,0,0,0,0,"RLHA","RLHA",NA,"0",NA,NA,"0","0",NA,"0","0",NA,"GYRF","GYRF",NA,"GYRF","0",NA,"0","0","0","0","0","0",0,0,0,"TRUE","FALSE","FALSE","FALSE"
"86","128","PEFA","PEFA","PEFA",71.2738,-79.1069,1,5.4,0.3,129,NA,NA,2,0,NA,0,0,2,"0","0",NA,"0",NA,NA,"PEFA","PEFA",NA,"PEFA","PEFA",NA,"0","0",NA,"PEFA","0",NA,"PEFA","0","PEFA","PEFA","PEFA","PEFA",0,3,0,"FALSE","FALSE","TRUE","FALSE"
"87","129","not detected","not detected","not detected",71.2723,-79.0988,1,5.7,0.3,453,NA,NA,3,NA,2,0,0,0,"0","0",NA,"0",NA,NA,"0","RLHA",NA,"0","0",NA,"RLHA","RLHA",NA,"0","0",NA,"0","0","0","0","0","0",0,0,0,"TRUE","FALSE","FALSE","FALSE"
"88","135","not detected","RLHA","RLHA",71.2271,-79.0682,2,10.5,1.8,139,NA,NA,1,NA,0,0,0,0,"RLHA",NA,NA,"0",NA,NA,"PEFA","PEFA",NA,"0",NA,NA,"0",NA,NA,"0","0",NA,"0","0","0","0","0","0",0,0,0,"TRUE","FALSE","FALSE","FALSE"
"89","138","not detected","RLHA","RLHA",71.2597,-79.0468,1,8,1.2,141,NA,0,NA,NA,NA,0,0,2,"RLHA","RLHA",NA,"PEFA","0",NA,"0",NA,NA,"0",NA,NA,"0",NA,NA,"0","0",NA,"0","0","0","0","PEFA","PEFA",0,2,0,"FALSE","FALSE","TRUE","FALSE"
"90","139","not detected","not detected","not detected",71.2376,-79.0316,2,10.2,1.6,145,NA,NA,3,3,0,0,0,0,"0",NA,NA,"0","0",NA,"RLHA","RLHA",NA,"RLHA","RLHA",NA,"0","0",NA,"0","0",NA,"0","0","0","0","0","0",0,0,0,"TRUE","FALSE","FALSE","FALSE"
"91","141","PEFA","PEFA","PEFA",71.2547,-79.0186,1,9.1,0.1,143,NA,1,NA,4,4,2,3,3,"PEFA","PEFA",NA,"PEFA","PEFA",NA,"0","0",NA,"PEFA","PEFA",NA,"PEFA","PEFA",NA,"PEFA","PEFA",NA,"PEFA","PEFA","PEFA","PEFA","PEFA","PEFA",0,3,0,"FALSE","FALSE","TRUE","FALSE"
"92","143","not detected","not detected","not detected",71.2552,-79.0151,1,9.1,0.1,141,0,NA,NA,3,NA,0,0,0,"RLHA","RLHA",NA,"0","0",NA,"0","0",NA,"RLHA","RLHA",NA,"0","0",NA,"0","0",NA,"0","0","0","0","0","0",0,0,0,"TRUE","FALSE","FALSE","FALSE"
"93","145","not detected","not detected","not detected",71.2432,-78.9911,2,10.7,1.6,139,NA,NA,3,NA,0,0,0,0,"RLHA","RLHA",NA,"0","0",NA,"RLHA","RLHA",NA,"0","0",NA,"RLHA","0",NA,"0","0",NA,"0","0","0","0","0","0",0,0,0,"TRUE","FALSE","FALSE","FALSE"
"94","148","not detected","RLHA","RLHA",71.2451,-78.9201,2,12.5,0.2,150,NA,0,2,NA,NA,0,0,0,"RLHA","RLHA",NA,"0","0",NA,"RLHA","RLHA",NA,NA,NA,NA,NA,NA,NA,"0","0",NA,"0","0","0","RLHA","0","0",1,0,0,"FALSE","TRUE","FALSE","FALSE"
"95","150","not detected","not detected","not detected",71.2444,-78.9136,2,12.7,0.2,148,NA,0,NA,NA,NA,0,0,1,"0","0",NA,"0","0",NA,"0","0",NA,NA,NA,NA,NA,NA,NA,"0","0",NA,"0","0","0","0","PEFA","PEFA",0,2,0,"FALSE","FALSE","TRUE","FALSE"
"96","160","not detected","not detected","not detected",71.2483,-78.8876,2,13.3,1,150,NA,0,NA,NA,NA,0,0,0,"PEFA","PEFA",NA,"0","0",NA,"0","0",NA,NA,NA,NA,NA,NA,NA,"PEFA","PEFA",NA,"0","0","0","0","0","0",0,0,0,"TRUE","FALSE","FALSE","FALSE"
"97","164","not detected","not detected","not detected",71.22701,-78.87232,2,15.1,0,165,NA,0,0,NA,NA,0,0,0,"0","0",NA,"PEFA","PEFA",NA,"PEFA","0",NA,NA,NA,NA,NA,NA,NA,"0","0",NA,"0","0","0","0","0","0",0,0,0,"TRUE","FALSE","FALSE","FALSE"
"98","165","not detected","PEFA","PEFA",71.2268,-78.872,2,15.1,0,164,NA,0,0,NA,NA,3,0,0,"PEFA","PEFA",NA,"0","0",NA,"0","0",NA,NA,NA,NA,NA,NA,NA,"PEFA","PEFA",NA,"0","PEFA","0","0","0","0",0,0,0,"TRUE","FALSE","FALSE","FALSE"
"99","173","not detected","not detected","not detected",71.2203,-78.8383,2,16.5,1.4,165,NA,NA,NA,NA,NA,0,0,0,"RLHA","RLHA",NA,"0","0",NA,"0","0",NA,NA,NA,NA,NA,NA,NA,"0","0",NA,"0","0","0","0","0","0",0,0,0,"TRUE","FALSE","FALSE","FALSE"
"100","338","not detected","not detected","not detected",71.2181,-79.7897,2,15.7,0.1,59,3,NA,4,NA,NA,0,2,0,"RLHA","RLHA",NA,"0","0",NA,"RLHA","RLHA",NA,"0","0",NA,NA,NA,NA,"0","0",NA,"0","0","PEFA","0","0","0",0,0,0,"TRUE","FALSE","FALSE","FALSE"
"101","339","not detected","not detected","not detected",71.3612,-79.645,1,0.6,0.3,73,0,NA,NA,3,NA,0,0,0,"RLHA","RLHA",NA,"0",NA,NA,"0","0",NA,"RLHA","RLHA",NA,NA,NA,NA,"0","0",NA,"0","0","0","0","0","0",0,0,0,"TRUE","FALSE","FALSE","FALSE"
"102","355","not detected","not detected","not detected",71.4038,-80.1698,1,2.4,0.8,379,0,NA,NA,3,NA,0,0,0,"RLHA","RLHA",NA,"0","0",NA,"0","0",NA,"RLHA","RLHA",NA,"0",NA,NA,"0","0",NA,"0","0","0","0","0","0",0,0,0,"TRUE","FALSE","FALSE","FALSE"
"103","356","not detected","not detected","not detected",71.4708,-80.2779,1,1.9,0.4,446,NA,NA,NA,NA,NA,0,0,0,"PEFA","PEFA",NA,"0","0",NA,"0","0",NA,NA,NA,NA,NA,NA,NA,"0","0",NA,"0","0","0","0","0","0",0,0,0,"TRUE","FALSE","FALSE","FALSE"
"104","357","PEFA","PEFA","PEFA",71.8392,-80.84,1,0.8,0.4,6,2,NA,NA,2,0,3,0,2,NA,"CORA",NA,"PEFA","PEFA",NA,"0","0",NA,"PEFA","PEFA",NA,"RLHA","RLHA",NA,"PEFA","PEFA",NA,"0","0","0","PEFA","PEFA","PEFA",0,3,0,"FALSE","FALSE","TRUE","FALSE"
"105","359","RLHA","RLHA","RLHA",71.4306,-80.0472,1,2.4,0.3,380,3,NA,2,3,NA,0,4,0,"RLHA","RLHA",NA,"0","0",NA,"RLHA","RLHA",NA,"RLHA","RLHA",NA,"0","0",NA,"0","0",NA,"PEFA","PEFA","PEFA","PEFA","0","0",0,1,0,"FALSE","FALSE","TRUE","FALSE"
"106","360","not detected","not detected","not detected",71.7598,-80.4008,1,3.1,0.2,21,NA,NA,3,0,2,2,0,0,"RLHA","0",NA,NA,NA,NA,"RLHA","RLHA",NA,"PEFA","0",NA,"RLHA","RLHA",NA,"CORA","0",NA,"0","PEFA","0","0","0","0",0,0,0,"TRUE","FALSE","FALSE","FALSE"
"107","374","not detected","not detected","not detected",71.5142,-80.3067,1,1.6,0.6,26,2,NA,NA,NA,NA,0,0,0,"0","PEFA",NA,"0",NA,NA,"0","0",NA,"0","0",NA,"0","0",NA,"0","0",NA,"0","0","0","0","0","0",0,0,0,"TRUE","FALSE","FALSE","FALSE"
"108","375","not detected","not detected","not detected",71.4607,-80.1918,1,0.3,1.4,378,NA,0,NA,1,2,0,0,0,"RLHA","0",NA,"RLHA","RLHA",NA,NA,NA,NA,"RLHA","RLHA",NA,"RLHA","RLHA",NA,"0","0",NA,"0","0","0","0","0","0",0,0,0,"TRUE","FALSE","FALSE","FALSE"
"109","376","not detected","not detected","not detected",71.50282,-80.17978,1,1.9,4.3,28,NA,NA,NA,NA,NA,0,0,0,NA,"0",NA,NA,NA,NA,"0",NA,NA,"0",NA,NA,"0",NA,NA,"0","0",NA,"0","0","0","0","0","0",0,0,0,"TRUE","FALSE","FALSE","FALSE"
"110","377","not detected","not detected","not detected",71.38007,-79.45242,1,5.1,0.2,473,NA,NA,3,NA,NA,0,0,0,NA,NA,NA,NA,NA,NA,"RLHA","RLHA",NA,"0","0",NA,"0","0",NA,"0","0",NA,"0","0","0","0","0","0",0,0,0,"TRUE","FALSE","FALSE","FALSE"
"111","378","not detected","not detected","not detected",71.45434,-80.22507,1,0.9,0.3,33,NA,NA,2,NA,NA,0,0,0,NA,NA,NA,NA,NA,NA,"RLHA","RLHA",NA,"0",NA,NA,"0",NA,NA,"0","0",NA,"0","0","0","0","0","0",0,0,0,"TRUE","FALSE","FALSE","FALSE"
"112","379","RLHA","RLHA","RLHA",71.40016,-80.15132,1,2,0.8,355,NA,NA,2,NA,NA,1,1,0,NA,NA,NA,NA,NA,NA,"RLHA","RLHA",NA,"0","0",NA,"0",NA,NA,"RLHA","RLHA",NA,"RLHA","RLHA","RLHA","0","0","0",0,0,0,"TRUE","FALSE","FALSE","FALSE"
"113","380","not detected","not detected","not detected",71.43057,-80.03996,1,2.7,0.3,359,NA,NA,1,0,3,0,0,1,NA,NA,NA,NA,NA,NA,"PEFA","PEFA",NA,"PEFA","PEFA",NA,"PEFA","PEFA",NA,"PEFA","0",NA,"0","0","0","0","0","PEFA",0,1,0,"FALSE","FALSE","TRUE","FALSE"
"114","382","RLHA","RLHA","RLHA",71.62832,-80.28523,1,2.6,4,22,NA,NA,3,NA,0,0,0,0,NA,NA,NA,NA,NA,NA,"PEFA","PEFA",NA,"0","0",NA,"0","0",NA,"0","0",NA,"0","0","0","0","0","0",0,0,0,"TRUE","FALSE","FALSE","FALSE"
"115","383","not detected","PEFA","not detected",71.65401,-80.45984,1,2.8,1.4,484,NA,NA,0,4,3,0,0,0,NA,NA,NA,NA,NA,NA,"PEFA","PEFA",NA,"PEFA","PEFA",NA,"PEFA","PEFA",NA,"0","0",NA,"0","0","0","0","0","0",0,0,0,"TRUE","FALSE","FALSE","FALSE"
"116","384","not detected","not detected","not detected",71.72142,-80.74186,1,8.5,7.8,15,NA,NA,0,2,2,1,0,0,NA,NA,NA,NA,NA,NA,"PEFA","0",NA,"0","PEFA",NA,"PEFA","PEFA",NA,"PEFA","PEFA",NA,"PEFA","0","0","0","0","0",0,0,0,"TRUE","FALSE","FALSE","FALSE"
"117","385","not detected","not detected","not detected",71.36123,-80.23653,1,7,2.2,444,NA,NA,2,0,NA,0,0,0,NA,NA,NA,NA,NA,NA,"PEFA","PEFA",NA,"RLHA","RLHA",NA,"0","0",NA,"0","0",NA,"0","0","0","0","0","0",0,0,0,"TRUE","FALSE","FALSE","FALSE"
"118","386","RLHA","RLHA","RLHA",71.71721,-80.25545,1,5.5,0.7,30,NA,NA,2,2,NA,0,0,0,NA,NA,NA,NA,NA,NA,"RLHA","RLHA",NA,"RLHA","RLHA",NA,"0",NA,NA,"0","0",NA,"0","0","0","0","0","0",0,0,0,"TRUE","FALSE","FALSE","FALSE"
"119","387","not detected","PEFA","not detected",71.92651,-80.75506,1,5.8,1.2,393,NA,NA,NA,NA,0,0,0,0,NA,NA,NA,NA,NA,NA,"PEFA","PEFA",NA,"PEFA",NA,NA,"PEFA","0",NA,"PEFA","0",NA,"PEFA","0","0","0","0","0",0,0,0,"TRUE","FALSE","FALSE","FALSE"
"120","388","PEFA","PEFA","PEFA",71.90827,-80.82447,1,2.7,2.6,391,NA,NA,NA,NA,NA,0,0,0,NA,NA,NA,NA,NA,NA,"PEFA",NA,NA,"0",NA,NA,"0",NA,NA,"PEFA","0",NA,"0","0","0","0","0","0",0,0,0,"TRUE","FALSE","FALSE","FALSE"
"121","389","RLHA","RLHA","RLHA",71.35528,-79.30482,1,1.4,3,107,NA,NA,3,2,0,0,0,0,NA,NA,NA,NA,NA,NA,"RLHA","RLHA",NA,"RLHA","RLHA",NA,"RLHA","0",NA,"0","0",NA,"0","0","0","RLHA","0","0",1,0,0,"FALSE","TRUE","FALSE","FALSE"
"122","390","not detected","not detected","not detected",71.81314,-80.49973,1,4.1,0.1,17,NA,NA,3,NA,3,0,0,2,NA,NA,NA,NA,NA,NA,"PEFA","PEFA",NA,"0","0",NA,"PEFA","PEFA",NA,"0","0",NA,"0","0","0","PEFA","PEFA","PEFA",0,3,0,"FALSE","FALSE","TRUE","FALSE"
"123","391","not detected","RLHA","RLHA",71.93022,-80.84863,1,4.5,2.6,388,NA,NA,NA,NA,1,1,0,2,NA,NA,NA,NA,NA,NA,"RLHA",NA,NA,"PEFA",NA,NA,"PEFA","PEFA",NA,"PEFA","PEFA",NA,"PEFA","PEFA","0","PEFA","PEFA","PEFA",0,3,0,"FALSE","FALSE","TRUE","FALSE"
"124","392","not detected","not detected","not detected",71.97083,-80.82,1,9.2,2.4,402,NA,NA,NA,NA,NA,0,0,0,NA,NA,NA,NA,NA,NA,"RLHA",NA,NA,"0",NA,NA,"0",NA,NA,"0","0",NA,"0","0","0","0","0","0",0,0,0,"TRUE","FALSE","FALSE","FALSE"
"125","393","not detected","not detected","not detected",71.93387,-80.73041,1,7,1.2,387,NA,NA,NA,NA,NA,0,0,0,NA,NA,NA,NA,NA,NA,"RLHA",NA,NA,"0",NA,NA,"0",NA,NA,"0","0",NA,"0","0","0","0","0","0",0,0,0,"TRUE","FALSE","FALSE","FALSE"
"126","400","PEFA","PEFA","PEFA",71.80651,-80.70422,1,0.2,0.2,450,NA,NA,3,NA,NA,3,0,0,NA,NA,NA,NA,NA,NA,"RLHA","RLHA",NA,"0","0",NA,"0","0",NA,"PEFA","PEFA",NA,"PEFA","PEFA","0","0","0","0",0,0,0,"TRUE","FALSE","FALSE","FALSE"
"127","401","RLHA","RLHA","RLHA",71.87508,-80.86188,1,0.6,2.7,3,NA,NA,3,2,NA,0,0,0,NA,NA,NA,NA,NA,NA,"RLHA","RLHA",NA,"RLHA","RLHA",NA,"0","0",NA,"0","0",NA,"0","0","0","0","0","0",0,0,0,"TRUE","FALSE","FALSE","FALSE"
"128","438","RLHA","RLHA","RLHA",71.7809,-80.6121,NA,NA,NA,NA,NA,NA,NA,NA,NA,NA,NA,NA,NA,NA,NA,NA,NA,NA,NA,NA,NA,NA,NA,NA,NA,NA,NA,NA,NA,NA,NA,NA,NA,NA,NA,NA,NA,NA,NA,NA,NA,NA,NA
"129","442","not detected","PEFA","not detected",71.34458,-79.76151,1,3.7,1.3,61,NA,NA,NA,0,0,0,0,1,NA,NA,NA,NA,NA,NA,NA,NA,NA,"PEFA","0",NA,"PEFA","PEFA",NA,"0","0",NA,"PEFA","PEFA","0","PEFA","PEFA","PEFA",0,3,0,"FALSE","FALSE","TRUE","FALSE"
"130","443","not detected","RLHA","RLHA",71.35378,-79.853,1,3.8,0.6,54,NA,NA,NA,4,0,0,0,0,NA,NA,NA,NA,NA,NA,NA,NA,NA,"RLHA","RLHA",NA,"GLGU","0",NA,"0","0",NA,"0","0","0","0","0","0",0,0,0,"TRUE","FALSE","FALSE","FALSE"
"131","444","not detected","not detected","not detected",71.38098,-80.22776,1,5.5,1.2,32,NA,NA,NA,0,3,0,0,3,NA,NA,NA,NA,NA,NA,NA,NA,NA,"PEFA","0",NA,"PEFA","PEFA",NA,"PEFA","0",NA,"PEFA","PEFA","0","PEFA","PEFA","PEFA",0,3,0,"FALSE","FALSE","TRUE","FALSE"
"132","445","not detected","not detected","not detected",71.41703,-80.34054,1,6.3,4.6,32,NA,NA,NA,4,NA,0,0,0,NA,NA,NA,NA,NA,NA,NA,NA,NA,"PEFA","PEFA",NA,"0",NA,NA,"0","0",NA,"0","0","0","0","0","0",0,0,0,"TRUE","FALSE","FALSE","FALSE"
"133","446","not detected","not detected","not detected",71.46718,-80.28133,1,2.1,0.4,356,NA,NA,NA,1,NA,0,0,0,NA,NA,NA,NA,NA,NA,NA,NA,NA,"RLHA","RLHA",NA,NA,NA,NA,"0","0",NA,"0","0","0","0","0","0",0,0,0,"TRUE","FALSE","FALSE","FALSE"
"134","447","not detected","PEFA","not detected",71.36883,-80.13145,1,4,2.2,41,NA,NA,NA,1,1,0,0,0,NA,NA,NA,NA,NA,NA,NA,NA,NA,"PEFA","PEFA",NA,"PEFA","PEFA",NA,"PEFA","0",NA,"0","0","0","PEFA","PEFA","PEFA",0,3,0,"FALSE","FALSE","TRUE","FALSE"
"135","448","not detected","PEFA","PEFA",71.51485,-80.3461,1,2.9,0.5,483,NA,NA,NA,1,NA,0,0,0,NA,NA,NA,NA,NA,NA,NA,NA,NA,"PEFA","PEFA",NA,"0","0",NA,"0","0",NA,"PEFA","0","0","0","0","0",0,0,0,"TRUE","FALSE","FALSE","FALSE"
"136","449","not detected","RLHA","RLHA",71.59756,-80.38423,1,1.3,2.4,22,NA,NA,NA,1,3,0,0,0,NA,NA,NA,NA,NA,NA,NA,NA,NA,"RLHA","RLHA",NA,"RLHA","RLHA",NA,"0","0",NA,"0","0","0","0","0","0",0,0,0,"TRUE","FALSE","FALSE","FALSE"
"137","450","not detected","not detected","not detected",71.80688,-80.70904,1,0.3,0.2,400,NA,NA,NA,4,3,0,0,0,NA,NA,NA,NA,NA,NA,NA,NA,NA,"PEFA","PEFA",NA,"PEFA","PEFA",NA,"0","0",NA,"0","0","0","0","0","0",0,0,0,"TRUE","FALSE","FALSE","FALSE"
"138","451","not detected","not detected","not detected",71.8227,-80.87508,1,2.9,2.2,6,NA,NA,NA,0,0,0,0,0,NA,NA,NA,NA,NA,NA,NA,NA,NA,"RLHA","RLHA",NA,"0","0",NA,"0","0",NA,"0","0","0","0","0","0",0,0,0,"TRUE","FALSE","FALSE","FALSE"
"139","452","RLHA","RLHA","RLHA",71.85241,-81.02869,1,4.4,3.3,2,NA,NA,NA,4,2,2,0,0,NA,NA,NA,NA,NA,NA,NA,NA,NA,"RLHA","RLHA",NA,"RLHA","RLHA",NA,"RLHA","RLHA",NA,"0","0","0","RLHA","RLHA","0",2,0,0,"FALSE","TRUE","FALSE","FALSE"
"140","453","not detected","not detected","not detected",71.27243,-79.09067,1,5.9,0.3,129,NA,NA,NA,NA,NA,0,0,0,NA,NA,NA,NA,NA,NA,NA,NA,NA,"RLHA","RLHA",NA,"0","0",NA,"0","0",NA,"0","0","0","0","0","0",0,0,0,"TRUE","FALSE","FALSE","FALSE"
"141","454","RLHA","RLHA","RLHA",71.68012,-80.22824,1,5.3,2.9,34,NA,NA,NA,3,NA,0,0,0,NA,NA,NA,NA,NA,NA,NA,NA,NA,"RLHA","RLHA",NA,"0","0",NA,"0","0",NA,"0","0","0","0","0","0",0,0,0,"TRUE","FALSE","FALSE","FALSE"
"142","455","RLHA","RLHA","RLHA",71.78325,-80.25464,1,8.9,5.7,21,NA,NA,NA,3,NA,0,0,0,NA,NA,NA,NA,NA,NA,NA,NA,NA,"RLHA","RLHA",NA,NA,NA,NA,"0","0",NA,"RLHA","0","0","RLHA","RLHA","RLHA",3,0,0,"FALSE","TRUE","FALSE","FALSE"
"143","460","not detected","not detected","not detected",71.43338,-80.02223,1,3.3,0.7,380,NA,NA,NA,0,NA,0,0,0,NA,NA,NA,NA,NA,NA,NA,NA,NA,"RLHA","0",NA,NA,NA,NA,"0","0",NA,"0","0","0","0","0","0",0,0,0,"TRUE","FALSE","FALSE","FALSE"
"144","461","not detected","not detected","not detected",71.43996,-79.92803,1,5.7,1.2,52,NA,NA,NA,0,NA,0,0,0,NA,NA,NA,NA,NA,NA,NA,NA,NA,"RLHA","0",NA,"0","0",NA,"0","0",NA,"0","0","0","0","0","0",0,0,0,"TRUE","FALSE","FALSE","FALSE"
"145","462","not detected","not detected","not detected",71.44889,-79.8944,1,6.1,1,50,NA,NA,NA,4,2,0,0,0,NA,NA,NA,NA,NA,NA,NA,NA,NA,"RLHA","RLHA",NA,"RLHA","RLHA",NA,"0","0",NA,"RLHA","RLHA","0","0","0","0",0,0,0,"TRUE","FALSE","FALSE","FALSE"
"146","463","RLHA","RLHA","RLHA",71.41253,-79.88532,1,2.3,0.3,464,NA,NA,NA,4,3,0,0,0,NA,NA,NA,NA,NA,NA,NA,NA,NA,"RLHA","RLHA",NA,"0","RLHA",NA,"0","0",NA,"RLHA","RLHA","0","RLHA","0","0",1,0,0,"FALSE","TRUE","FALSE","FALSE"
"147","464","not detected","PEFA","PEFA",71.40972,-79.88554,1,2,0.3,463,NA,NA,NA,4,3,0,1,2,NA,NA,NA,NA,NA,NA,NA,NA,NA,"PEFA","PEFA",NA,"0","PEFA",NA,"0","0",NA,"0","0","PEFA","PEFA","PEFA","PEFA",0,3,0,"FALSE","FALSE","TRUE","FALSE"
"148","465","not detected","PEFA","PEFA",71.44782,-79.79672,1,5.4,1.4,477,NA,NA,NA,3,3,0,0,3,NA,NA,NA,NA,NA,NA,NA,NA,NA,"PEFA","PEFA",NA,"PEFA","PEFA",NA,"PEFA","PEFA",NA,"PEFA","0","0","0","PEFA","PEFA",0,2,0,"FALSE","FALSE","TRUE","FALSE"
"149","466","RLHA","RLHA","RLHA",71.46692,-79.81014,1,7.5,0.8,477,NA,NA,NA,3,NA,0,0,0,NA,NA,NA,NA,NA,NA,NA,NA,NA,"RLHA","RLHA",NA,"0",NA,NA,"0","0",NA,"0","0","0","0","0","0",0,0,0,"TRUE","FALSE","FALSE","FALSE"
"150","467","not detected","not detected","not detected",71.46336,-79.71305,1,8,0.8,65,NA,NA,NA,3,NA,0,0,0,NA,NA,NA,NA,NA,NA,NA,NA,NA,"RLHA","RLHA",NA,"0",NA,NA,"0","0",NA,"0","0","0","0","0","0",0,0,0,"TRUE","FALSE","FALSE","FALSE"
"151","468","RLHA","RLHA","RLHA",71.3662,-79.4955,1,3,2.2,377,NA,NA,NA,3,NA,0,0,0,NA,NA,NA,NA,NA,NA,NA,NA,NA,"RLHA","RLHA",NA,"0",NA,NA,"0","0",NA,"0","0","0","0","0","0",0,0,0,"TRUE","FALSE","FALSE","FALSE"
"152","469","not detected","not detected","not detected",71.44595,-79.5481,1,9,0.8,84,NA,NA,NA,2,NA,0,0,0,NA,NA,NA,NA,NA,NA,NA,NA,NA,"RLHA","RLHA",NA,NA,NA,NA,"0","0",NA,"0","0","0","0","0","0",0,0,0,"TRUE","FALSE","FALSE","FALSE"
"153","470","PEFA","PEFA","PEFA",71.43958,-79.43633,2,10.2,0.9,471,NA,NA,NA,2,2,0,0,1,NA,NA,NA,NA,NA,NA,NA,NA,NA,"PEFA","PEFA",NA,"PEFA","PEFA",NA,"0","0",NA,"0","PEFA","0","0","0","PEFA",0,1,0,"FALSE","FALSE","TRUE","FALSE"
"154","472","not detected","RLHA","RLHA",71.3823,-79.45276,1,5.3,0.1,473,NA,NA,NA,1,NA,2,0,0,NA,NA,NA,NA,NA,NA,NA,NA,NA,"PEFA","PEFA",NA,"0","0",NA,"PEFA","PEFA",NA,"0","0","0","0","0","0",0,0,0,"TRUE","FALSE","FALSE","FALSE"
"155","473","not detected","not detected","not detected",71.38197,-79.4493,1,5.3,0.1,472,NA,NA,NA,2,3,2,0,0,NA,NA,NA,NA,NA,NA,NA,NA,NA,"RLHA","RLHA",NA,"RLHA","RLHA",NA,"0","0",NA,"RLHA","0","0","RLHA","0","0",1,0,0,"FALSE","TRUE","FALSE","FALSE"
"156","474","PEFA","not detected","not detected",71.43324,-79.25492,1,8.8,5.6,471,NA,NA,NA,4,4,3,3,3,NA,NA,NA,NA,NA,NA,NA,NA,NA,"PEFA","PEFA",NA,"PEFA","PEFA",NA,"PEFA","PEFA",NA,"PEFA","PEFA","PEFA","PEFA","PEFA","PEFA",0,3,0,"FALSE","FALSE","TRUE","FALSE"
"157","475","PEFA","PEFA","PEFA",71.73434,-80.313,1,4.6,0.6,25,NA,NA,NA,NA,3,0,0,0,NA,NA,NA,NA,NA,NA,NA,NA,NA,NA,NA,NA,"0","PEFA",NA,"0","0",NA,"0","0","PEFA","PEFA","PEFA","PEFA",0,3,0,"FALSE","FALSE","TRUE","FALSE"
"158","476","PEFA","PEFA","PEFA",71.30042,-79.1152,1,3.3,2.4,122,NA,NA,NA,0,2,0,0,0,NA,NA,NA,NA,NA,NA,NA,NA,NA,"PEFA","0",NA,"PEFA","PEFA",NA,"0","0",NA,"0","0","0","0","0","0",0,0,0,"TRUE","FALSE","FALSE","FALSE"
"159","477","RLHA","RLHA","RLHA",71.45999,-79.8083,1,6.8,0.8,466,NA,NA,NA,0,NA,0,0,0,NA,NA,NA,NA,NA,NA,NA,NA,NA,"RLHA","0",NA,"0",NA,NA,"0","0",NA,"0","0","0","0","0","0",0,0,0,"TRUE","FALSE","FALSE","FALSE"
"160","478","not detected","PEFA","PEFA",71.30998,-79.22727,1,0,1.1,114,NA,NA,NA,3,0,0,2,1,NA,NA,NA,NA,NA,NA,NA,NA,NA,"PEFA","PEFA",NA,"PEFA","0",NA,"PEFA","0",NA,"PEFA","PEFA","PEFA","PEFA","PEFA","PEFA",0,3,0,"FALSE","FALSE","TRUE","FALSE"
"161","480","not detected","not detected","not detected",71.45986,-80.09334,1,3.3,3.5,375,NA,NA,NA,NA,3,0,0,0,NA,NA,NA,NA,NA,NA,NA,NA,NA,NA,NA,NA,"RLHA","RLHA",NA,"0","0",NA,"0","0","0","0","0","0",0,0,0,"TRUE","FALSE","FALSE","FALSE"
"162","481","not detected","not detected","not detected",71.73833,-80.33509,1,4.2,0.3,25,NA,NA,NA,NA,NA,4,0,3,NA,NA,NA,NA,NA,NA,NA,NA,NA,NA,NA,NA,NA,NA,NA,"PEFA","PEFA",NA,"0","0","0","PEFA","PEFA","PEFA",0,3,0,"FALSE","FALSE","TRUE","FALSE"
"163","482","not detected","not detected","not detected",71.84302,-80.86133,1,1,0.3,5,NA,NA,NA,NA,NA,0,0,0,NA,NA,NA,NA,NA,NA,NA,NA,NA,NA,NA,NA,NA,NA,NA,"CORA","CORA",NA,"0","0","0","0","0","0",0,0,0,"TRUE","FALSE","FALSE","FALSE"
"164","483","not detected","not detected","not detected",71.51633,-80.33231,1,2.4,0.5,448,NA,NA,NA,NA,4,2,0,0,NA,NA,NA,NA,NA,NA,NA,NA,NA,NA,NA,NA,"PEFA","PEFA",NA,"PEFA","PEFA",NA,"0","0","0","0","0","0",0,0,0,"TRUE","FALSE","FALSE","FALSE"
"165","484","RLHA","RLHA","RLHA",71.65337,-80.42009,1,1.4,1.4,383,NA,NA,NA,NA,NA,0,2,2,NA,NA,NA,NA,NA,NA,NA,NA,NA,NA,NA,NA,NA,NA,NA,"0","0",NA,"RLHA","RLHA","RLHA","RLHA","RLHA","RLHA",3,0,0,"FALSE","TRUE","FALSE","FALSE"
"166","485","RLHA","RLHA","RLHA",71.34127,-79.43357,1,0.8,0.5,88,NA,NA,NA,NA,NA,0,0,0,NA,NA,NA,NA,NA,NA,NA,NA,NA,NA,NA,NA,NA,NA,NA,"PEFA","0",NA,"PEFA","0","0","0","0","0",0,0,0,"TRUE","FALSE","FALSE","FALSE"
"167","486","not detected","not detected","not detected",71.82254,-81.17467,2,10.5,6.1,452,NA,NA,NA,NA,NA,1,3,0,NA,NA,NA,NA,NA,NA,NA,NA,NA,NA,NA,NA,NA,NA,NA,"PEFA","PEFA",NA,"PEFA","PEFA","PEFA","0","0","0",0,0,0,"TRUE","FALSE","FALSE","FALSE"
"168","487","PEFA","PEFA","PEFA",71.24663,-78.85732,1,13.3,1.1,160,NA,NA,NA,NA,NA,NA,3,2,NA,NA,NA,NA,NA,NA,NA,NA,NA,NA,NA,NA,NA,NA,NA,NA,NA,NA,NA,NA,"PEFA","PEFA","PEFA","PEFA",0,3,0,"FALSE","FALSE","TRUE","FALSE"
"169","488","not detected","not detected","not detected",71.35832,-79.77888,1,2.6,0.6,61,NA,NA,NA,NA,NA,NA,2,0,NA,NA,NA,NA,NA,NA,NA,NA,NA,NA,NA,NA,NA,NA,NA,NA,NA,NA,NA,"RLHA","RLHA","0","0","0",0,0,0,"TRUE","FALSE","FALSE","FALSE"
"170","489","not detected","PEFA","PEFA",71.7139,-80.6963,NA,NA,NA,NA,NA,NA,NA,NA,NA,NA,NA,NA,NA,NA,NA,NA,NA,NA,NA,NA,NA,NA,NA,NA,NA,NA,NA,NA,NA,NA,NA,NA,NA,NA,NA,NA,NA,NA,NA,NA,NA,NA,NA
"171","490","not detected","PEFA","PEFA",71.386,-80.228,NA,NA,NA,NA,NA,NA,NA,NA,NA,NA,NA,NA,NA,NA,NA,NA,NA,NA,NA,NA,NA,NA,NA,NA,NA,NA,NA,NA,NA,NA,NA,NA,NA,NA,NA,NA,NA,NA,NA,NA,NA,NA,NA
"172","491","not detected","PEFA","PEFA",71.8052,-81.1074,NA,NA,NA,NA,NA,NA,NA,NA,NA,NA,NA,NA,NA,NA,NA,NA,NA,NA,NA,NA,NA,NA,NA,NA,NA,NA,NA,NA,NA,NA,NA,NA,NA,NA,NA,NA,NA,NA,NA,NA,NA,NA,NA
"173","492","not detected","RLHA","RLHA",71.4551,-79.6043,NA,NA,NA,NA,NA,NA,NA,NA,NA,NA,NA,NA,NA,NA,NA,NA,NA,NA,NA,NA,NA,NA,NA,NA,NA,NA,NA,NA,NA,NA,NA,NA,NA,NA,NA,NA,NA,NA,NA,NA,NA,NA,NA
"174","493","not detected","not detected","not detected",71.3259,-79.5365,NA,NA,NA,NA,NA,NA,NA,NA,NA,NA,NA,NA,NA,NA,NA,NA,NA,NA,NA,NA,NA,NA,NA,NA,NA,NA,NA,NA,NA,NA,NA,NA,NA,NA,NA,NA,NA,NA,NA,NA,NA,NA,NA
"175","494","RLHA","RLHA","RLHA",71.367067,-79.366506,NA,NA,NA,NA,NA,NA,NA,NA,NA,NA,NA,NA,NA,NA,NA,NA,NA,NA,NA,NA,NA,NA,NA,NA,NA,NA,NA,NA,NA,NA,NA,NA,NA,NA,NA,NA,NA,NA,NA,NA,NA,NA,NA
