Site,Order,Lat,Long,20_Sp_1,20_Date,20_NAd,20_eggs_Y or N,20_NEggLai,20_hatch,20_Nyng,20_Comm,20_Sp_2,20_Date,20_NAd,20_eggs_Yor N,20_NEggLai,20_hatch,20_Nyng,20_Comm,20_Sp_3,20_Date,20_NAd,20_eggs_Y or N,20_NEggLai,20_hatch,20_Nyng,20_Comm
2,154,71.8531,-80.9321,not detected,28-Jun-20,NA,NA,NA,NA,NA,NA,RLHA,20-Jul-20,0,y,0,3,unk,No parents present,not detected,14-Aug-20,0,y,unk,unk,0,"lots of white-wash, looks like young were present at some point but failed. One egg in nest."
3,153,71.8544,-80.9028,not detected,28-Jun-20,NA,NA,NA,NA,NA,NA,not detected,20-Jul-20,NA,NA,NA,NA,NA,NA,not detected,14-Aug-20,NA,NA,NA,NA,NA,NA
5,151,71.8412,-80.8536,not detected,28-Jun-20,NA,NA,NA,NA,NA,NA,not detected,20-Jul-20,NA,NA,NA,NA,NA,NA,not detected,14-Aug-20,NA,NA,NA,NA,NA,NA
6,149,71.8368,-80.8319,not detected,28-Jun-20,NA,NA,NA,NA,NA,NA,RLHA,20-Jul-20,0,y,0,2,unk,No parents present,RLHA,14-Aug-20,1,n,unk,unk,1,"may be more young, shadow makes it difficult to distinguish individuals"
7,147,71.8033,-80.7595,not detected,28-Jun-20,NA,NA,NA,NA,NA,NA,RLHA,20-Jul-20,0,y,3,0,unk,No parents present,not detected,14-Aug-20,0,n,unk,unk,NA,"empty nest in 2020 waypoint, no whitewash or eggs. Checked area to make sure, but couldn't find any other nests or signs of breeding"
8,164,71.8702,-80.7133,not detected,28-Jun-20,NA,NA,NA,NA,NA,NA,not detected,20-Jul-20,NA,NA,NA,NA,NA,NA,not detected,14-Aug-20,NA,NA,NA,NA,NA,NA
9,165,71.8701,-80.7112,not detected,28-Jun-20,NA,NA,NA,NA,NA,NA,not detected,20-Jul-20,NA,NA,NA,NA,NA,NA,not detected,14-Aug-20,NA,NA,NA,NA,NA,NA
10,166,71.8634,-80.6960,not detected,28-Jun-20,NA,NA,NA,NA,NA,NA,RLHA,20-Jul-20,1,y,1,1,unk,Parent did not flush,RLHA,14-Aug-20,0,n,unk,unk,4,NA
14,143,71.7708,-80.5799,not detected,28-Jun-20,NA,NA,NA,NA,NA,NA,not detected,20-Jul-20,NA,NA,NA,NA,NA,NA,not detected,14-Aug-20,NA,NA,NA,NA,NA,NA
15,130,71.7449,-80.5305,PEFA,27-Jun-20,2,unk,unk,unk,unk,Male flushed,PEFA,19-Jul-20,2,unk,unk,unk,unk,"Female incubating, did not flush",PEFA,14-Aug-20,0,n,unk,unk,3,NA
16,167,71.8196,-80.5177,not detected,28-Jun-20,NA,NA,NA,NA,NA,NA,not detected,20-Jul-20,NA,NA,NA,NA,NA,NA,not detected,14-Aug-20,NA,NA,NA,NA,NA,NA
17,168,71.8139,-80.5009,not detected,28-Jun-20,NA,NA,NA,NA,NA,NA,PEFA,20-Jul-20,2,y,unk,unk,unk,"Female incubating, did not flush",not detected,14-Aug-20,0,n,unk,unk,0,NA
18,170,71.7948,-80.4523,not detected,28-Jun-20,NA,NA,NA,NA,NA,NA,not detected,20-Jul-20,NA,NA,NA,NA,NA,NA,not detected,14-Aug-20,NA,NA,NA,NA,NA,NA
19,171,71.7790,-80.4441,not detected,28-Jun-20,NA,NA,NA,NA,NA,NA,RLHA,20-Jul-20,0,y,0,3,y,No parents present,not detected,14-Aug-20,0,n,unk,unk,0,"lots of white-wash around nest, but empty. No adults"
20,127,71.6842,-80.4395,PEFA,27-Jun-20,2,unk,unk,unk,unk,"Male flushed, female incubating, waypoint taken",PEFA,19-Jul-20,1,unk,unk,unk,unk,"Female incubating, did not flush",PEFA,14-Aug-20,0,n,unk,unk,3,NA
21,174,71.7585,-80.3982,not detected,28-Jun-20,NA,NA,NA,NA,NA,NA,RLHA,20-Jul-20,0,y,3,0,unk,No parents present,not detected,14-Aug-20,0,n,unk,unk,0,"found nest but no whitewash, no young or adults."
22,124,71.6184,-80.3961,PEFA,27-Jun-20,2,y,4,0,0,"Male flushed, waypoint taken",PEFA,19-Jul-20,2,unk,unk,unk,unk,"Female incubating, did not flush",PEFA,14-Aug-20,1,n,unk,unk,4,NA
23,131,71.7359,-80.3569,not detected,27-Jun-20,NA,NA,NA,NA,NA,NA,not detected,19-Jul-20,NA,NA,NA,NA,NA,NA,not detected,14-Aug-20,NA,NA,NA,NA,NA,NA
24,122,71.5549,-80.3386,PEFA,27-Jun-20,1,y,4,0,0,"Male flushed, waypoint taken",PEFA,19-Jul-20,1,unk,unk,unk,unk,"Female incubating, did not flush",PEFA,14-Aug-20,0,n,4,4,4,NA
25,133,71.7369,-80.3271,not detected,27-Jun-20,NA,NA,NA,NA,NA,NA,not detected,19-Jul-20,NA,NA,NA,NA,NA,NA,not detected,14-Aug-20,NA,NA,NA,NA,NA,NA
26,118,71.5088,-80.3042,not detected,27-Jun-20,NA,NA,NA,NA,NA,NA,not detected,19-Jul-20,NA,NA,NA,NA,NA,NA,not detected,14-Aug-20,NA,NA,NA,NA,NA,NA
27,135,71.7226,-80.2873,not detected,27-Jun-20,NA,NA,NA,NA,NA,NA,not detected,19-Jul-20,NA,NA,NA,NA,NA,NA,not detected,14-Aug-20,NA,NA,NA,NA,NA,NA
28,117,71.4765,-80.2676,PEFA,27-Jun-20,1,y,4,0,0,Waypoint taken,PEFA,19-Jul-20,1,y,4,0,unk,Male flushed,PEFA,14-Aug-20,0,n,4,unk,1,NA
30,137,71.7112,-80.2472,PEFA,27-Jun-20,2,unk,unk,unk,unk,"Parent flushed, waypoint taken",PEFA,19-Jul-20,1,y,unk,unk,unk,Male incubating,PEFA,14-Aug-20,0,n,unk,unk,2,NA
32,94,71.3910,-80.2381,RLHA,26-Jun-20,1,y,4,0,0,"Parent flushed, waypoint taken",RLHA,18-Jul-20,1,y,4,0,unk,Parent flushed,RLHA,11-Aug-20,0,n,4,4,4,NA
33,96,71.4522,-80.2294,not detected,27-Jun-20,NA,NA,NA,NA,NA,NA,not detected,18-Jul-20,NA,NA,NA,NA,NA,NA,not detected,11-Aug-20,NA,NA,NA,NA,NA,NA
34,138,71.7048,-80.2042,not detected,27-Jun-20,NA,NA,NA,NA,NA,NA,not detected,19-Jul-20,NA,NA,NA,NA,NA,NA,not detected,14-Aug-20,NA,NA,NA,NA,NA,NA
35,139,71.7038,-80.1955,not detected,27-Jun-20,NA,NA,NA,NA,NA,NA,not detected,19-Jul-20,NA,NA,NA,NA,NA,NA,not detected,14-Aug-20,NA,NA,NA,NA,NA,NA
40,91,71.3882,-80.1527,PEFA,26-Jun-20,1,unk,unk,unk,unk,"Female incubating, did not flush, waypoint taken",PEFA,18-Jul-20,0,y,4,0,0,"No parents present, eggs dark in colour. Potentially failed",PEFA,11-Aug-20,0,n,4,4,4,NA
41,90,71.3875,-80.1483,not detected,26-Jun-20,NA,NA,NA,NA,NA,NA,not detected,18-Jul-20,NA,NA,NA,NA,NA,NA,not detected,11-Aug-20,NA,NA,NA,NA,NA,NA
43,39,71.2862,-80.0018,RLHA,26-Jun-20,2,y,2,0,0,"Parent flushed, waypoint taken",RLHA,18-Jul-20,1,y,3,0,0,Parent flushed,RLHA,11-Aug-20,1,n,3,3,3,NA
46,110,71.3825,-79.9647,RLHA,26-Jun-20,1,y,4,0,0,"Parent flushed, waypoint taken",RLHA,18-Jul-20,1,n,0,4,unk,Didn't flush,RLHA,11-Aug-20,1,n,4,4,4,NA
48,42,71.2978,-79.9221,not detected,26-Jun-20,NA,NA,NA,NA,NA,NA,not detected,18-Jul-20,NA,NA,NA,NA,NA,NA,not detected,11-Aug-20,NA,NA,NA,NA,NA,NA
49,41,71.2964,-79.9196,not detected,26-Jun-20,NA,NA,NA,NA,NA,NA,not detected,18-Jul-20,NA,NA,NA,NA,NA,NA,not detected,11-Aug-20,NA,NA,NA,NA,NA,NA
50,58,71.4580,-79.8961,not detected,27-Jun-20,NA,NA,NA,NA,NA,NA,not detected,19-Jul-20,NA,NA,NA,NA,NA,NA,not detected,14-Aug-20,NA,NA,NA,NA,NA,NA
51,40,71.2947,-79.9039,RLHA,26-Jun-20,1,y,4,0,0,"Parent flushed, waypoint taken",RLHA,18-Jul-20,1,y,4,0,unk,Parent flushed,RLHA,11-Aug-20,1,n,4,4,4,NA
52,106,71.4389,-79.8944,not detected,26-Jun-20,NA,NA,NA,NA,NA,NA,not detected,18-Jul-20,NA,NA,NA,NA,NA,NA,not detected,11-Aug-20,NA,NA,NA,NA,NA,NA
53,107,71.4150,-79.8918,not detected,26-Jun-20,NA,NA,NA,NA,NA,NA,not detected,18-Jul-20,NA,NA,NA,NA,NA,NA,not detected,11-Aug-20,NA,NA,NA,NA,NA,NA
54,85,71.3492,-79.8631,not detected,26-Jun-20,NA,NA,NA,NA,NA,NA,not detected,18-Jul-20,NA,NA,NA,NA,NA,NA,not detected,11-Aug-20,NA,NA,NA,NA,NA,NA
55,86,71.3436,-79.8538,not detected,26-Jun-20,NA,NA,NA,NA,NA,NA,not detected,18-Jul-20,NA,NA,NA,NA,NA,NA,not detected,11-Aug-20,NA,NA,NA,NA,NA,NA
56,37,71.2211,-79.8042,RLHA,26-Jun-20,2,y,5,0,0,"Parent flushed, waypoint taken",RLHA,18-Jul-20,1,y,4,unk,NA,NA,RLHA,11-Aug-20,1,n,4,4,4,NA
57,36,71.2207,-79.7977,not detected,26-Jun-20,NA,NA,NA,NA,NA,NA,not detected,18-Jul-20,NA,NA,NA,NA,NA,NA,not detected,11-Aug-20,NA,NA,NA,NA,NA,NA
58,38,71.2447,-79.8005,not detected,26-Jun-20,NA,NA,NA,NA,NA,NA,not detected,18-Jul-20,NA,NA,NA,NA,NA,NA,not detected,11-Aug-20,NA,NA,NA,NA,NA,NA
59,35,71.2190,-79.7919,PEFA,26-Jun-20,2,unk,unk,0,0,"Parents flushed, waypoint taken",PEFA,18-Jul-20,1,unk,unk,unk,unk,"Female incubating, did not flush",PEFA,11-Aug-20,2,n,unk,unk,3,NA
61,82,71.3562,-79.7641,not detected,26-Jun-20,NA,NA,NA,NA,NA,NA,not detected,18-Jul-20,NA,NA,NA,NA,NA,NA,not detected,11-Aug-20,NA,NA,NA,NA,NA,NA
62,61,71.4698,-79.7558,PEFA,27-Jun-20,1,unk,unk,unk,unk,Nesting in old RLHA nest,PEFA,19-Jul-20,1,y,unk,unk,unk,"Female incubating, did not flush",PEFA,14-Aug-20,0,n,unk,unk,3,NA
63,62,71.4707,-79.7455,not detected,27-Jun-20,NA,NA,NA,NA,NA,NA,not detected,19-Jul-20,NA,NA,NA,NA,NA,NA,not detected,14-Aug-20,NA,NA,NA,NA,NA,NA
64,54,71.3982,-79.7033,not detected,27-Jun-20,NA,NA,NA,NA,NA,NA,not detected,19-Jul-20,NA,NA,NA,NA,NA,NA,not detected,14-Aug-20,NA,NA,NA,NA,NA,NA
65,71,71.4564,-79.7205,RLHA,27-Jun-20,1,y,3,unk,unk,"Parent flushed, waypoint taken",RLHA,19-Jul-20,0,y,4,0,0,No parents present,RLHA,14-Aug-20,0,y,4,0,0,ABANDONED/FAILED - 4 eggs still in nest.
66,80,71.3441,-79.7168,RLHA,26-Jun-20,1,y,4,0,0,"Parent flushed, waypoint taken",RLHA,18-Jul-20,1,unk,unk,unk,unk,Didn't flush,RLHA,11-Aug-20,1,n,unk,unk,4,NA
68,111,71.3776,-79.7084,not detected,27-Jun-20,NA,NA,NA,NA,NA,NA,not detected,18-Jul-20,NA,NA,NA,NA,NA,NA,not detected,11-Aug-20,NA,NA,NA,NA,NA,NA
69,55,71.4111,-79.7058,RLHA,27-Jun-20,2,y,3,0,0,"Parents flushed, waypoint taken",RLHA,19-Jul-20,1,y,0,2,unk,Parent flushed,RLHA,14-Aug-20,0,0,3,unk,2,NA
70,64,71.4658,-79.6706,RLHA,27-Jun-20,2,y,4,unk,unk,"Parents flushed, waypoint taken",RLHA,19-Jul-20,2,y,3,1,unk,Parents circling,RLHA,14-Aug-20,0,n,3,unk,2,NA
71,32,71.1756,-79.6665,PEFA,26-Jun-20,1,y,4,0,0,"Parent flushed, waypoint taken",PEFA,18-Jul-20,2,y,unk,unk,unk,"Female incubating, did not flush",PEFA,11-Aug-20,1,n,unk,unk,3,NA
72,33,71.1779,-79.6660,RLHA,26-Jun-20,1,y,4,0,0,"Parent flushed, waypoint taken",RLHA,18-Jul-20,1,y,2,2,unk,Parent flushed,RLHA,11-Aug-20,1,n,unk,unk,3,NA
73,114,71.3608,-79.6373,not detected,27-Jun-20,NA,NA,NA,NA,NA,NA,not detected,18-Jul-20,NA,NA,NA,NA,NA,NA,not detected,11-Aug-20,NA,NA,NA,NA,NA,NA
74,87,71.3218,-80.1950,not detected,26-Jun-20,NA,NA,NA,NA,NA,NA,not detected,18-Jul-20,NA,NA,NA,NA,NA,NA,not detected,11-Aug-20,NA,NA,NA,NA,NA,NA
75,113,71.3616,-79.6362,not detected,27-Jun-20,NA,NA,NA,NA,NA,NA,RLHA,18-Jul-20,0,y,unk,unk,NA,No parents,RLHA,11-Aug-20,0,n,unk,unk,4,NA
80,66,71.4476,-79.5701,PEFA,27-Jun-20,2,y,4,0,0,"Parents flushed, waypoint taken",PEFA,19-Jul-20,1,y,2,2,unk,Parents flushed,PEFA,14-Aug-20,0,n,4,4,4,NA
81,53,71.3990,-79.5737,PEFA,27-Jun-20,1,unk,unk,unk,unk,Waypoint taken,PEFA,19-Jul-20,2,y,4,0,unk,Parents flushed,PEFA,14-Aug-20,0,n,4,4,4,NA
82,79,71.3327,-79.5619,PEFA,27-Jun-20,2,unk,unk,unk,unk,"Male flushed from scrape, female remained",PEFA,18-Jul-20,1,y,unk,unk,unk,"Female incubating, did not flush",PEFA,11-Aug-20,1,n,unk,unk,4,NA
83,78,71.3286,-79.5424,not detected,26-Jun-20,NA,NA,NA,NA,NA,NA,not detected,18-Jul-20,NA,NA,NA,NA,NA,NA,not detected,11-Aug-20,NA,NA,NA,NA,NA,NA
84,68,71.4457,-79.5258,not detected,27-Jun-20,NA,NA,NA,NA,NA,NA,not detected,19-Jul-20,NA,NA,NA,NA,NA,NA,not detected,14-Aug-20,NA,NA,NA,NA,NA,NA
85,69,71.4441,-79.5157,RLHA,27-Jun-20,1,y,5,0,0,"Parent flushed, waypoint taken",RLHA,19-Jul-20,1,y,4,0,unk,Parent flushed,RLHA,14-Aug-20,1,n,4,unk,3,adult flushed off nest
86,48,71.3444,-79.4464,not detected,27-Jun-20,NA,NA,NA,NA,NA,NA,PEFA,19-Jul-20,1,n,0,0,0,"1 male sighted in area, not territorial",not detected,14-Aug-20,NA,NA,NA,NA,NA,NA
88,46,71.3374,-79.4400,not detected,27-Jun-20,NA,NA,NA,NA,NA,NA,not detected,19-Jul-20,NA,NA,NA,NA,NA,NA,not detected,14-Aug-20,NA,NA,NA,NA,NA,NA
91,45,71.3333,-79.3849,not detected,27-Jun-20,NA,NA,NA,NA,NA,NA,not detected,19-Jul-20,NA,NA,NA,NA,NA,NA,not detected,14-Aug-20,NA,NA,NA,NA,NA,NA
94,73,71.3696,-79.3786,PEFA,27-Jun-20,2,y,3,unk,unk,"Parents flushed, waypoint taken",PEFA,19-Jul-20,1,y,3,0,unk,Male flushed,PEFA,14-Aug-20,0,n,4,4,4,NA
95,27,71.2227,-79.3808,not detected,27-Jun-20,NA,NA,NA,NA,NA,NA,RLHA,18-Jul-20,1,y,3,0,0,Flushed,RLHA,11-Aug-20,1,n,3,3,3,NA
98,29,71.2140,-79.3739,not detected,26-Jun-20,NA,NA,NA,NA,NA,NA,PEFA,18-Jul-20,1,y,2,0,0,"Stood from nest, didn't flush",PEFA,11-Aug-20,0,n,4,4,4,n eggs laid based on assumption of 4 = full clutch
99,28,71.2144,-79.3719,not detected,26-Jun-20,NA,NA,NA,NA,NA,NA,not detected,18-Jul-20,NA,NA,NA,NA,NA,NA,not detected,11-Aug-20,NA,NA,NA,NA,NA,NA
100,44,71.3304,-79.3486,PEFA,27-Jun-20,2,unk,unk,unk,unk,"Male flushed, female incubating, waypoint taken",PEFA,19-Jul-20,2,y,unk,unk,unk,"Female incubating, did not flush",PEFA,14-Aug-20,0,N,unk,unk,3,NA
101,31,71.1373,-79.3612,not detected,27-Jun-20,NA,NA,NA,NA,NA,NA,not detected,18-Jul-20,NA,NA,NA,NA,NA,NA,not detected,11-Aug-20,NA,NA,NA,NA,NA,NA
102,30,71.1300,-79.3554,not detected,26-Jun-20,NA,NA,NA,NA,NA,NA,not detected,18-Jul-20,NA,NA,NA,NA,NA,NA,not detected,11-Aug-20,NA,NA,NA,NA,NA,NA
104,43,71.3235,-79.3264,not detected,27-Jun-20,NA,NA,NA,NA,NA,NA,not detected,19-Jul-20,NA,NA,NA,NA,NA,NA,not detected,14-Aug-20,NA,NA,NA,NA,NA,NA
107,75,71.3291,-79.2855,not detected,27-Jun-20,NA,NA,NA,NA,NA,NA,PEFA,19-Jul-20,1,y,unk,unk,unk,"Female incubating, did not flush",PEFA,14-Aug-20,0,n,unk,unk,3,NA
108,1,71.3161,-79.2763,not detected,25-Jun-20,NA,NA,NA,NA,NA,NA,not detected,18-Jul-20,NA,NA,NA,NA,NA,NA,not detected,11-Aug-20,NA,NA,NA,NA,NA,NA
109,76,71.3250,-79.2731,RLHA,27-Jun-20,1,unk,unk,unk,unk,"Parents remained on nest, waypoint taken",RLHA,19-Jul-20,1,unk,unk,unk,unk,"Female incubating, did not flush",RLHA,14-Aug-20,1,n,unk,unk,3,NA
114,3,71.3097,-79.1953,not detected,25-Jun-20,NA,NA,NA,NA,NA,NA,not detected,18-Jul-20,NA,NA,NA,NA,NA,NA,not detected,11-Aug-20,NA,NA,NA,NA,NA,NA
115,4,71.3087,-79.1925,not detected,25-Jun-20,NA,NA,NA,NA,NA,NA,RLHA,18-Jul-20,2,n,3,3,unk,,RLHA,11-Aug-20,1,n,2,2,3,NA
117,5,71.3017,-79.1906,not detected,25-Jun-20,NA,NA,NA,NA,NA,NA,not detected,18-Jul-20,NA,NA,NA,NA,NA,NA,not detected,11-Aug-20,NA,NA,NA,NA,NA,NA
119,7,71.2918,-79.1900,RLHA,25-Jun-20,2,unk,unk,unk,unk,"RLHA flushed, waypoint taken",RLHA,18-Jul-20,2,y,0,3,unk,Flushed,RLHA,11-Aug-20,0,n,unk,3,3,NA
122,8,71.2881,-79.1717,not detected,25-Jun-20,NA,NA,NA,NA,NA,NA,not detected,18-Jul-20,NA,NA,NA,NA,NA,NA,PEFA,11-Aug-20,0,n,unk,unk,3,NA
124,9,71.2833,-79.1592,not detected,25-Jun-20,NA,NA,NA,NA,NA,NA,not detected,18-Jul-20,NA,NA,NA,NA,NA,NA,not detected,11-Aug-20,NA,NA,NA,NA,NA,NA
127,10,71.2766,-79.1223,not detected,25-Jun-20,NA,NA,NA,NA,NA,NA,not detected,18-Jul-20,NA,NA,NA,NA,NA,NA,not detected,11-Aug-20,NA,NA,NA,NA,NA,NA
128,11,71.2738,-79.1069,PEFA,25-Jun-20,1,unk,unk,unk,unk,"Female incubating, did not flush, waypoint taken",PEFA,18-Jul-20,1,unk,unk,unk,unk,"Female incubating, did not flush",PEFA,11-Aug-20,1,n,unk,unk,3,NA
129,12,71.2723,-79.0988,not detected,25-Jun-20,NA,NA,NA,NA,NA,NA,not detected,18-Jul-20,NA,NA,NA,NA,NA,NA,not detected,11-Aug-20,NA,NA,NA,NA,NA,NA
135,26,71.2271,-79.0682,not detected,26-Jun-20,NA,NA,NA,NA,NA,NA,RLHA,18-Jul-20,1,y,4,0,unk,Flushed,RLHA,11-Aug-20,0,n,4,unk,3,NA
138,14,71.2597,-79.0468,not detected,26-Jun-20,NA,NA,NA,NA,NA,NA,RLHA,18-Jul-20,1,y,0,2,unk,Female flushed,RLHA,11-Aug-20,0,n,unk,2,2,NA
139,25,71.2376,-79.0316,not detected,26-Jun-20,NA,NA,NA,NA,NA,NA,not detected,18-Jul-20,NA,NA,NA,NA,NA,NA,not detected,11-Aug-20,NA,NA,NA,NA,NA,NA
141,15,71.2547,-79.0186,PEFA,25-Jun-20,2,unk,unk,unk,unk,NA,PEFA,18-Jul-20,1,y,4,0,unk,Flushed,PEFA,11-Aug-20,1,n,4,unk,4,NA
143,16,71.2552,-79.0151,not detected,25-Jun-20,NA,NA,NA,NA,NA,NA,not detected,18-Jul-20,NA,NA,NA,NA,NA,NA,not detected,11-Aug-20,NA,NA,NA,NA,NA,NA
145,24,71.2432,-78.9911,not detected,25-Jun-20,NA,NA,NA,NA,NA,NA,not detected,18-Jul-20,NA,NA,NA,NA,NA,NA,not detected,11-Aug-20,NA,NA,NA,NA,NA,NA
148,23,71.2451,-78.9201,not detected,25-Jun-20,NA,NA,NA,NA,NA,NA,RLHA,18-Jul-20,1,y,0,2,unk,Flushed,RLHA,11-Aug-20,0,n,unk,unk,3,NA
150,22,71.2444,-78.9136,not detected,26-Jun-20,NA,NA,NA,NA,NA,NA,not detected,18-Jul-20,NA,NA,NA,NA,NA,NA,not detected,11-Aug-20,NA,NA,NA,NA,NA,NA
160,17,71.2483,-78.8876,not detected,25-Jun-20,NA,NA,NA,NA,NA,NA,not detected,18-Jul-20,NA,NA,NA,NA,NA,NA,not detected,11-Aug-20,NA,NA,NA,NA,NA,NA
164,21,71.2270,-78.8723,not detected,26-Jun-20,NA,NA,NA,NA,NA,NA,not detected,18-Jul-20,NA,NA,NA,NA,NA,no birds,not detected,11-Aug-20,NA,NA,NA,NA,NA,NA
165,20,71.2268,-78.8720,not detected,26-Jun-20,NA,NA,NA,NA,NA,NA,PEFA,18-Jul-20,1,n,0,0,0,Female flushed from old nest,PEFA,11-Aug-20,0,n,unk,unk,3,NA
173,19,71.2203,-78.8383,not detected,26-Jun-20,NA,NA,NA,NA,NA,NA,not detected,18-Jul-20,NA,NA,NA,NA,NA,NA,not detected,11-Aug-20,NA,NA,NA,NA,NA,NA
338,34,71.2181,-79.7897,not detected,26-Jun-20,NA,NA,NA,NA,NA,NA,not detected,18-Jul-20,NA,NA,NA,NA,NA,NA,not detected,11-Aug-20,NA,NA,NA,NA,NA,NA
339,112,71.3612,-79.6450,not detected,26-Jun-20,NA,NA,NA,NA,NA,NA,not detected,18-Jul-20,NA,NA,NA,NA,NA,NA,not detected,11-Aug-20,NA,NA,NA,NA,NA,NA
355,97,71.4038,-80.1698,not detected,26-Jun-20,NA,NA,NA,NA,NA,NA,not detected,18-Jul-20,NA,NA,NA,NA,NA,NA,not detected,11-Aug-20,NA,NA,NA,NA,NA,NA
356,116,71.4708,-80.2779,not detected,27-Jun-20,NA,NA,NA,NA,NA,NA,not detected,19-Jul-20,NA,NA,NA,NA,NA,NA,not detected,14-Aug-20,NA,NA,NA,NA,NA,NA
357,150,71.8392,-80.8400,PEFA,28-Jun-20,1,unk,unk,unk,unk,"Parent remained on nest, waypoint taken",PEFA,20-Jul-20,1,y,unk,unk,unk,"Female incubating, did not flush",PEFA,14-Aug-20,0,n,unk,unk,2,NA
359,102,71.4306,-80.0472,RLHA,26-Jun-20,2,y,4,0,0,"Both parents flushed, waypoint taken",RLHA,18-Jul-20,1,y,1,4,unk,Didn't flush,RLHA,11-Aug-20,1,n,4,4,4,NA
360,173,71.7598,-80.4008,not detected,28-Jun-20,NA,NA,NA,NA,NA,NA,not detected,20-Jul-20,NA,NA,NA,NA,NA,NA,not detected,14-Aug-20,NA,NA,NA,NA,NA,NA
374,119,71.5142,-80.3067,not detected,27-Jun-20,NA,NA,NA,NA,NA,NA,not detected,19-Jul-20,NA,NA,NA,NA,NA,NA,not detected,14-Aug-20,NA,NA,NA,NA,NA,NA
375,100,71.4607,-80.1918,not detected,26-Jun-20,NA,NA,NA,NA,NA,NA,not detected,18-Jul-20,NA,NA,NA,NA,NA,NA,not detected,11-Aug-20,NA,NA,NA,NA,NA,NA
376,142,71.5028,-80.1798,not detected,28-Jun-20,NA,NA,NA,NA,NA,NA,not detected,19-Jul-20,NA,NA,NA,NA,NA,NA,not detected,14-Aug-20,NA,NA,NA,NA,NA,NA
377,50,71.3801,-79.4524,not detected,27-Jun-20,NA,NA,NA,NA,NA,NA,not detected,19-Jul-20,NA,NA,NA,NA,NA,NA,not detected,14-Aug-20,NA,NA,NA,NA,NA,NA
378,99,71.4543,-80.2251,not detected,26-Jun-20,NA,NA,NA,NA,NA,NA,not detected,18-Jul-20,NA,NA,NA,NA,NA,NA,not detected,11-Aug-20,NA,NA,NA,NA,NA,NA
379,95,71.4002,-80.1513,RLHA,26-Jun-20,1,y,4,0,0,"Parent flushed, waypoint taken",RLHA,18-Jul-20,1,y,0,unk,unk,Flushed,RLHA,11-Aug-20,1,n,unk,unk,3,NA
380,103,71.4306,-80.0400,not detected,26-Jun-20,NA,NA,NA,NA,NA,NA,not detected,18-Jul-20,NA,NA,NA,NA,NA,NA,not detected,11-Aug-20,NA,NA,NA,NA,NA,NA
382,141,71.6283,-80.2852,RLHA,28-Jun-20,1,y,2,0,0,"Parent flushed, waypoint taken",RLHA,19-Jul-20,1,y,2,0,unk,Parents flushed,RLHA,14-Aug-20,1,n,2,2,2,NA
383,126,71.6540,-80.4598,not detected,27-Jun-20,NA,NA,NA,NA,NA,NA,PEFA,19-Jul-20,0,n,0,0,0,No birds seen,not detected,14-Aug-20,NA,NA,NA,NA,NA,NA
384,129,71.7214,-80.7419,not detected,27-Jun-20,NA,NA,NA,NA,NA,NA,not detected,19-Jul-20,NA,NA,NA,NA,NA,NA,not detected,14-Aug-20,NA,NA,NA,NA,NA,NA
385,88,71.3612,-80.2365,not detected,26-Jun-20,NA,NA,NA,NA,NA,NA,not detected,18-Jul-20,NA,NA,NA,NA,NA,NA,not detected,11-Aug-20,NA,NA,NA,NA,NA,NA
386,136,71.7172,-80.2554,RLHA,27-Jun-20,1,y,4,0,0,"Parent flushed, waypoint taken",RLHA,19-Jul-20,1,y,0,2,unk,Parent flushed,RLHA,14-Aug-20,1,n,4,unk,3,NA
387,161,71.9265,-80.7551,not detected,28-Jun-20,NA,NA,NA,NA,NA,NA,PEFA,20-Jul-20,1,n,0,0,0,"1 PEFA on cliff, no nests sighted",not detected,14-Aug-20,NA,NA,NA,NA,NA,NA
388,162,71.9083,-80.8245,PEFA,28-Jun-20,1,unk,unk,unk,unk,"Female incubating, did not flush, waypoint taken",PEFA,20-Jul-20,1,y,unk,unk,unk,"Female incubating, did not flush",PEFA,14-Aug-20,0,n,4,4,4,NA
389,74,71.3553,-79.3048,RLHA,27-Jun-20,1,y,5,0,0,"Parent flushed, waypoint taken",RLHA,19-Jul-20,0,y,4,1,unk,No parents,RLHA,14-Aug-20,0,n,4,4,4,NA
390,169,71.8131,-80.4997,not detected,28-Jun-20,NA,NA,NA,NA,NA,NA,not detected,20-Jul-20,NA,NA,NA,NA,NA,NA,not detected,14-Aug-20,NA,NA,NA,NA,NA,NA
391,158,71.9302,-80.8486,not detected,28-Jun-20,NA,NA,NA,NA,NA,NA,RLHA,20-Jul-20,0,y,0,2,unk,No parents present,RLHA,14-Aug-20,1,n,unk,unk,3,NA
392,159,71.9708,-80.8200,not detected,28-Jun-20,NA,NA,NA,NA,NA,NA,not detected,20-Jul-20,NA,NA,NA,NA,NA,NA,not detected,14-Aug-20,NA,NA,NA,NA,NA,NA
393,160,71.9339,-80.7304,not detected,28-Jun-20,NA,NA,NA,NA,NA,NA,not detected,20-Jul-20,NA,NA,NA,NA,NA,NA,not detected,14-Aug-20,NA,NA,NA,NA,NA,NA
400,145,71.8065,-80.7042,PEFA,28-Jun-20,2,y,4,0,0,"Parents flushed, waypoint taken",PEFA,20-Jul-20,1,y,1,3,unk,Parent flushed,PEFA,14-Aug-20,0,n,unk,unk,1,NA
401,163,71.8751,-80.8619,RLHA,28-Jun-20,2,unk,unk,unk,unk,"Male flushed, female incubating, waypoint taken",RLHA,20-Jul-20,1,y,0,3,unk,Parent flushed,RLHA,14-Aug-20,1,n,4,4,4,NA
438,144,71.7809,-80.6121,RLHA,28-Jun-20,2,y,4,0,0,"No SNOW present, RLHA on cliff face above",RLHA,20-Jul-20,1,y,2,2,unk,Parent flushed,RLHA,14-Aug-20,1,n,4,unk,2,NA
442,81,71.3446,-79.7615,not detected,26-Jun-20,NA,NA,NA,NA,NA,NA,PEFA,18-Jul-20,1,n,0,0,0,Male flushed,not detected,11-Aug-20,NA,NA,NA,NA,NA,NA
443,84,71.3538,-79.8530,not detected,26-Jun-20,NA,NA,NA,NA,NA,NA,RLHA,18-Jul-20,2,y,0,4,unk,Flushed,RLHA,11-Aug-20,1,n,unk,4,4,NA
444,92,71.3810,-80.2278,not detected,NA,NA,NA,NA,NA,NA,NA,not detected,18-Jul-20,NA,NA,NA,NA,NA,NA,not detected,11-Aug-20,NA,NA,NA,NA,NA,NA
445,98,71.4170,-80.3405,not detected,26-Jun-20,NA,NA,NA,NA,NA,NA,not detected,18-Jul-20,NA,NA,NA,NA,NA,NA,not detected,11-Aug-20,NA,NA,NA,NA,NA,NA
446,115,71.4672,-80.2813,not detected,27-Jun-20,NA,NA,NA,NA,NA,NA,not detected,19-Jul-20,NA,NA,NA,NA,NA,NA,not detected,14-Aug-20,NA,NA,NA,NA,NA,NA
447,89,71.3688,-80.1314,not detected,26-Jun-20,NA,NA,NA,NA,NA,NA,PEFA,18-Jul-20,1,n,0,0,0,"Flew over hill at far end of canyon, no nest located",not detected,11-Aug-20,NA,NA,NA,NA,NA,NA
448,121,71.5149,-80.3461,not detected,27-Jun-20,NA,NA,NA,NA,NA,NA,PEFA,19-Jul-20,2,y,unk,unk,unk,"Female incubating, did not flush",PEFA,14-Aug-20,1,n,4,4,4,flushed male from 100m away
449,123,71.5976,-80.3842,not detected,27-Jun-20,NA,NA,NA,NA,NA,NA,RLHA,19-Jul-20,1,y,0,3,unk,"Female incubating, did not flush",RLHA,14-Aug-20,1,n,4,unk,3,NA
450,146,71.8069,-80.7090,not detected,28-Jun-20,NA,NA,NA,NA,NA,NA,not detected,20-Jul-20,NA,NA,NA,NA,NA,NA,not detected,14-Aug-20,NA,NA,NA,NA,NA,NA
451,148,71.8227,-80.8751,not detected,28-Jun-20,NA,NA,NA,NA,NA,NA,not detected,20-Jul-20,NA,NA,NA,NA,NA,NA,not detected,14-Aug-20,NA,NA,NA,NA,NA,NA
452,157,71.8524,-81.0287,RLHA,28-Jun-20,1,y,5,0,0,"Parent didn't flush, waypoint taken",RLHA,20-Jul-20,1,y,0,4,unk,Parent flushed,RLHA,14-Aug-20,0,n,4,4,4,NA
453,13,71.2724,-79.0907,not detected,25-Jun-20,NA,NA,NA,NA,NA,NA,not detected,18-Jul-20,NA,NA,NA,NA,NA,NA,not detected,11-Aug-20,NA,NA,NA,NA,NA,NA
454,140,71.6801,-80.2282,RLHA,28-Jun-20,2,y,5,0,0,"Parents flushed, waypoint taken",RLHA,19-Jul-20,1,y,0,3,unk,Parent flushed,RLHA,14-Aug-20,0,n,5,unk,4,NA
455,172,71.7833,-80.2546,RLHA,28-Jun-20,1,y,5,0,0,"Parent flushed, waypoint taken",RLHA,20-Jul-20,0,y,1,2,unk,No parents present,RLHA,14-Aug-20,0,N,unk,unk,4,NA
460,104,71.4334,-80.0222,not detected,26-Jun-20,NA,NA,NA,NA,NA,NA,not detected,18-Jul-20,NA,NA,NA,NA,NA,NA,not detected,11-Aug-20,NA,NA,NA,NA,NA,NA
461,105,71.4400,-79.9280,not detected,26-Jun-20,NA,NA,NA,NA,NA,NA,not detected,18-Jul-20,NA,NA,NA,NA,NA,NA,not detected,11-Aug-20,NA,NA,NA,NA,NA,NA
462,57,71.4489,-79.8944,not detected,27-Jun-20,NA,NA,NA,NA,NA,NA,not detected,19-Jul-20,NA,NA,NA,NA,NA,NA,not detected,14-Aug-20,NA,NA,NA,NA,NA,NA
463,108,71.4125,-79.8853,RLHA,26-Jun-20,1,y,6,0,0,"Parent flushed, waypoint taken",RLHA,18-Jul-20,2,y,4,1,unk,"Female flushed, male airborne",RLHA,11-Aug-20,1,n,4,4,4,NA
464,109,71.4097,-79.8855,not detected,26-Jun-20,NA,NA,NA,NA,NA,NA,PEFA,18-Jul-20,1,y,4,0,0,Flushed,PEFA,11-Aug-20,1,n,4,4,4,NA
465,56,71.4478,-79.7967,not detected,27-Jun-20,NA,NA,NA,NA,NA,NA,PEFA,19-Jul-20,1,y,4,0,unk,Parents flushed,PEFA,14-Aug-20,0,n,4,4,4,NA
466,60,71.4669,-79.8101,RLHA,27-Jun-20,1,y,5,0,0,Waypoint taken,RLHA,19-Jul-20,1,y,4,0,unk,Parent flushed,RLHA,14-Aug-20,0,n,4,4,4,NA
467,63,71.4634,-79.7131,not detected,27-Jun-20,NA,NA,NA,NA,NA,NA,not detected,19-Jul-20,NA,NA,NA,NA,NA,NA,not detected,14-Aug-20,NA,NA,NA,NA,NA,NA
468,49,71.3662,-79.4955,RLHA,27-Jun-20,2,y,5,0,0,"Parent flushed, waypoint taken",RLHA,19-Jul-20,1,y,1,3,unk,Parents flushed,RLHA,14-Aug-20,0,n,5,unk,3,NA
469,67,71.4460,-79.5481,not detected,27-Jun-20,NA,NA,NA,NA,NA,NA,not detected,19-Jul-20,NA,NA,NA,NA,NA,NA,not detected,14-Aug-20,NA,NA,NA,NA,NA,NA
470,70,71.4396,-79.4363,PEFA,27-Jun-20,1,unk,unk,unk,unk,"In very old stick nest, waypoint taken",PEFA,19-Jul-20,1,y,unk,unk,unk,"Female incubating, did not flush",PEFA,14-Aug-20,0,n,4,4,4,NA
472,52,71.3823,-79.4528,not detected,27-Jun-20,NA,NA,NA,NA,NA,NA,RLHA,19-Jul-20,1,y,0,3,unk,Parents circling,RLHA,14-Aug-20,1,n,unk,unk,4,NA
473,51,71.3820,-79.4493,not detected,27-Jun-20,NA,NA,NA,NA,NA,NA,not detected,19-Jul-20,NA,NA,NA,NA,NA,NA,not detected,14-Aug-20,NA,NA,NA,NA,NA,NA
474,72,71.4332,-79.2549,PEFA,27-Jun-20,1,unk,unk,unk,unk,Waypoint taken,not detected,19-Jul-20,NA,NA,NA,NA,NA,NA,not detected,14-Aug-20,NA,NA,NA,NA,NA,NA
475,134,71.7343,-80.3130,PEFA,27-Jun-20,1,unk,unk,unk,unk,Waypoint taken,PEFA,19-Jul-20,1,y,unk,unk,unk,"Female incubating, did not flush",PEFA,14-Aug-20,1,n,unk,unk,2,NA
476,6,71.3004,-79.1152,PEFA,25-Jun-20,1,y,unk,unk,unk,"Female incubating, did not flush, waypoint taken",PEFA,18-Jul-20,2,y,unk,unk,unk,"Female incubating, did not flush",PEFA,11-Aug-20,0,n,unk,unk,3,NA
477,59,71.4600,-79.8083,RLHA,27-Jun-20,1,y,5,0,0,"Parent flushed, waypoint taken",RLHA,19-Jul-20,1,y,0,3,unk,Parents flushed,RLHA,14-Aug-20,0,n,5,unk,4,NA
478,2,71.3100,-79.2273,not detected,25-Jun-20,NA,NA,NA,NA,NA,NA,PEFA,18-Jul-20,1,unk,unk,unk,unk,"Female incubating, did not flush",PEFA,11-Aug-20,0,n,unk,unk,2,NA
480,101,71.4599,-80.0933,not detected,26-Jun-20,NA,NA,NA,NA,NA,NA,not detected,18-Jul-20,NA,NA,NA,NA,NA,NA,not detected,11-Aug-20,NA,NA,NA,NA,NA,NA
481,132,71.7383,-80.3351,not detected,27-Jun-20,NA,NA,NA,NA,NA,NA,not detected,19-Jul-20,NA,NA,NA,NA,NA,NA,not detected,14-Aug-20,NA,NA,NA,NA,NA,NA
482,152,71.8430,-80.8613,not detected,28-Jun-20,NA,NA,NA,NA,NA,NA,not detected,20-Jul-20,NA,NA,NA,NA,NA,NA,not detected,14-Aug-20,NA,NA,NA,NA,NA,NA
483,120,71.5163,-80.3323,not detected,27-Jun-20,NA,NA,NA,NA,NA,NA,not detected,19-Jul-20,NA,NA,NA,NA,NA,NA,not detected,14-Aug-20,NA,NA,NA,NA,NA,NA
484,125,71.6534,-80.4201,RLHA,27-Jun-20,NA,NA,NA,NA,NA,NA,RLHA,19-Jul-20,1,y,2,2,NA,Female flushed,RLHA,14-Aug-20,1,n,unk,unk,3,NA
485,47,71.3413,-79.4336,RLHA,27-Jun-20,1,y,3,0,0,Waypoint taken,RLHA,19-Jul-20,1,y,0,2,unk,Female flushed,RLHA,14-Aug-20,0,y,3,2,2,one addled egg
486,156,71.8225,-81.1747,not detected,28-Jun-20,NA,NA,NA,NA,NA,NA,not detected,20-Jul-20,NA,NA,NA,NA,NA,NA,not detected,14-Aug-20,NA,NA,NA,NA,NA,NA
487,18,71.2466,-78.8573,PEFA,25-Jun-20,1,unk,unk,unk,unk,"SNBU, female falcon on nest, didn't flush, waypoint taken",PEFA,18-Jul-20,1,unk,unk,unk,unk,"Female incubating, did not flush",PEFA,11-Aug-20,1,n,unk,unk,3,NA
488,83,71.3583,-79.7789,not detected,26-Jun-20,NA,NA,NA,NA,NA,NA,not detected,18-Jul-20,NA,NA,NA,NA,NA,NA,not detected,11-Aug-20,NA,NA,NA,NA,NA,NA
489,128,71.7139,-80.6963,not detected,27-Jun-20,NA,NA,NA,NA,NA,NA,PEFA,19-Jul-20,1,y,3,0,unk,Female flushed,PEFA,14-Aug-20,0,n,3,3,3,NA
490,93,71.3860,-80.2280,not detected,NA,NA,NA,NA,NA,NA,NA,PEFA,18-Jul-20,2,unk,unk,unk,unk,New point,PEFA,11-Aug-20,0,n,unk,unk,3,NA
491,155,71.8052,-81.1074,not detected,28-Jun-20,NA,NA,NA,NA,NA,NA,PEFA,20-Jul-20,2,unk,0,0,unk,"Female incubating, didn't flush. Male flying",PEFA,14-Aug-20,1,n,4,4,4,NA
492,65,71.4551,-79.6043,not detected,27-Jun-20,NA,NA,NA,NA,NA,NA,RLHA,19-Jul-20,2,y,unk,unk,2,Parents flushed,RLHA,14-Aug-20,1,n,unk,unk,3,NA
493,77,71.3259,-79.5365,not detected,26-Jun-20,0,unk,unk,unk,unk,not detected,not detected,18-Jul-20,0,unk,unk,unk,unk,not detected,not detected,11-Aug-20,0,unk,unk,unk,unk,not detected
RLHA C 2020,175,71.367067,-79.366506,RLHA,15-Jul-20,NA,NA,NA,NA,NA,visited while on transect,RLHA,21-Jul-20,1,y,4,unk,2,one adult flushed from nest,RLHA,14-Aug-20,0,n,unk,unk,3,NA